#usda 1.0
(
    defaultPrim = "Scene"
    endTimeCode = 50
    framesPerSecond = 500
    metersPerUnit = 1
    startTimeCode = 0
    timeCodesPerSecond = 500
    upAxis = "Z"
)

def Xform "Scene"
{
    def Xform "floor"
    {
        quatf xformOp:orient.timeSamples = {
            0: (1, 0, 0, 0),
            1: (1, 0, 0, 0),
            2: (1, 0, 0, 0),
            3: (1, 0, 0, 0),
            4: (1, 0, 0, 0),
            5: (1, 0, 0, 0),
            6: (1, 0, 0, 0),
            7: (1, 0, 0, 0),
            8: (1, 0, 0, 0),
            9: (1, 0, 0, 0),
            10: (1, 0, 0, 0),
            11: (1, 0, 0, 0),
            12: (1, 0, 0, 0),
            13: (1, 0, 0, 0),
            14: (1, 0, 0, 0),
            15: (1, 0, 0, 0),
            16: (1, 0, 0, 0),
            17: (1, 0, 0, 0),
            18: (1, 0, 0, 0),
            19: (1, 0, 0, 0),
            20: (1, 0, 0, 0),
            21: (1, 0, 0, 0),
            22: (1, 0, 0, 0),
            23: (1, 0, 0, 0),
            24: (1, 0, 0, 0),
            25: (1, 0, 0, 0),
            26: (1, 0, 0, 0),
            27: (1, 0, 0, 0),
            28: (1, 0, 0, 0),
            29: (1, 0, 0, 0),
            30: (1, 0, 0, 0),
            31: (1, 0, 0, 0),
            32: (1, 0, 0, 0),
            33: (1, 0, 0, 0),
            34: (1, 0, 0, 0),
            35: (1, 0, 0, 0),
            36: (1, 0, 0, 0),
            37: (1, 0, 0, 0),
            38: (1, 0, 0, 0),
            39: (1, 0, 0, 0),
            40: (1, 0, 0, 0),
            41: (1, 0, 0, 0),
            42: (1, 0, 0, 0),
            43: (1, 0, 0, 0),
            44: (1, 0, 0, 0),
            45: (1, 0, 0, 0),
            46: (1, 0, 0, 0),
            47: (1, 0, 0, 0),
            48: (1, 0, 0, 0),
            49: (1, 0, 0, 0),
            50: (1, 0, 0, 0),
        }
        double3 xformOp:translate.timeSamples = {
            0: (0, 0, -0.05000000074505806),
            1: (0, 0, -0.05000000074505806),
            2: (0, 0, -0.05000000074505806),
            3: (0, 0, -0.05000000074505806),
            4: (0, 0, -0.05000000074505806),
            5: (0, 0, -0.05000000074505806),
            6: (0, 0, -0.05000000074505806),
            7: (0, 0, -0.05000000074505806),
            8: (0, 0, -0.05000000074505806),
            9: (0, 0, -0.05000000074505806),
            10: (0, 0, -0.05000000074505806),
            11: (0, 0, -0.05000000074505806),
            12: (0, 0, -0.05000000074505806),
            13: (0, 0, -0.05000000074505806),
            14: (0, 0, -0.05000000074505806),
            15: (0, 0, -0.05000000074505806),
            16: (0, 0, -0.05000000074505806),
            17: (0, 0, -0.05000000074505806),
            18: (0, 0, -0.05000000074505806),
            19: (0, 0, -0.05000000074505806),
            20: (0, 0, -0.05000000074505806),
            21: (0, 0, -0.05000000074505806),
            22: (0, 0, -0.05000000074505806),
            23: (0, 0, -0.05000000074505806),
            24: (0, 0, -0.05000000074505806),
            25: (0, 0, -0.05000000074505806),
            26: (0, 0, -0.05000000074505806),
            27: (0, 0, -0.05000000074505806),
            28: (0, 0, -0.05000000074505806),
            29: (0, 0, -0.05000000074505806),
            30: (0, 0, -0.05000000074505806),
            31: (0, 0, -0.05000000074505806),
            32: (0, 0, -0.05000000074505806),
            33: (0, 0, -0.05000000074505806),
            34: (0, 0, -0.05000000074505806),
            35: (0, 0, -0.05000000074505806),
            36: (0, 0, -0.05000000074505806),
            37: (0, 0, -0.05000000074505806),
            38: (0, 0, -0.05000000074505806),
            39: (0, 0, -0.05000000074505806),
            40: (0, 0, -0.05000000074505806),
            41: (0, 0, -0.05000000074505806),
            42: (0, 0, -0.05000000074505806),
            43: (0, 0, -0.05000000074505806),
            44: (0, 0, -0.05000000074505806),
            45: (0, 0, -0.05000000074505806),
            46: (0, 0, -0.05000000074505806),
            47: (0, 0, -0.05000000074505806),
            48: (0, 0, -0.05000000074505806),
            49: (0, 0, -0.05000000074505806),
            50: (0, 0, -0.05000000074505806),
        }
        uniform token[] xformOpOrder = ["xformOp:translate", "xformOp:orient"]

        def Cube "box"
        {
            color3f[] primvars:displayColor = [(0.52, 0.57, 0.66)] (
                interpolation = "constant"
            )
            double size = 2
            float3 xformOp:scale = (2, 2, 0.05)
            uniform token[] xformOpOrder = ["xformOp:scale"]
        }
    }

    def Xform "box"
    {
        quatf xformOp:orient.timeSamples = {
            0: (1, 0, 0, 0),
            1: (1, 0.000097331875, 0.000037582467, -0.00012986206),
            2: (0.9999999, 0.00028776372, 0.00011027343, -0.0003895979),
            3: (0.9999995, 0.00056583376, 0.00021477709, -0.0007792342),
            4: (0.9999987, 0.0009250349, 0.00034712369, -0.0012988049),
            5: (0.9999971, 0.0013580469, 0.00050280226, -0.001948348),
            6: (0.99999434, 0.0018569141, 0.000676886, -0.0027279032),
            7: (0.9999901, 0.002413161, 0.0008641444, -0.003637508),
            8: (0.99998397, 0.0030178542, 0.0010591366, -0.0046772105),
            9: (0.99997544, 0.0036615047, 0.0012561259, -0.0058470764),
            10: (0.999964, 0.004333938, 0.001449283, -0.007147205),
            11: (0.9999493, 0.005024346, 0.001632648, -0.008577733),
            12: (0.9999306, 0.0057212776, 0.0018004563, -0.010138771),
            13: (0.99990755, 0.0064129867, 0.001946989, -0.011830387),
            14: (0.99987954, 0.0070872037, 0.0020672106, -0.013652616),
            15: (0.99984604, 0.007730988, 0.0021562013, -0.01560547),
            16: (0.9998064, 0.0083308425, 0.0022097041, -0.017688964),
            17: (0.9997601, 0.008871607, 0.0022243285, -0.019903136),
            18: (0.99970645, 0.009338155, 0.0021980235, -0.022248067),
            19: (0.9996448, 0.009715515, 0.0021303836, -0.02472388),
            20: (0.9995745, 0.009989576, 0.002022832, -0.027330764),
            21: (0.99949455, 0.0101473555, 0.0018795755, -0.030068906),
            22: (0.99940413, 0.01017651, 0.0017063268, -0.032938477),
            23: (0.99930215, 0.010063717, 0.0015089738, -0.03593961),
            24: (0.9991875, 0.009794586, 0.001294149, -0.039072443),
            25: (0.9990591, 0.009349065, 0.0010648019, -0.04233707),
            26: (0.9989154, 0.008707183, 0.0008237394, -0.045733605),
            27: (0.99875486, 0.007850635, 0.00057523395, -0.04926221),
            28: (0.9985756, 0.006762469, 0.0003255667, -0.052923087),
            29: (0.9983756, 0.0054266523, 0.000084213825, -0.056716483),
            30: (0.9981522, 0.003827863, -0.00013379287, -0.060642667),
            31: (0.9979027, 0.0019518441, -0.00030143495, -0.064701885),
            32: (0.99762386, -0.00021194876, -0.00034668992, -0.06889432),
            33: (0.9973137, -0.0020668458, -0.0000109769035, -0.07321966),
            34: (0.9969728, -0.0033512244, 0.0005162439, -0.07767696),
            35: (0.9966016, -0.004095432, 0.00083624304, -0.08226695),
            36: (0.9961994, -0.0043109087, 0.00085156615, -0.08699054),
            37: (0.99576485, -0.0040098424, 0.00047118223, -0.091848314),
            38: (0.99529344, -0.0036432866, 0.00012124599, -0.0968387),
            39: (0.9947831, -0.0032123614, -0.00019887062, -0.101961695),
            40: (0.99423176, -0.0027180456, -0.00048976974, -0.107217334),
            41: (0.99363714, -0.00216136, -0.000752088, -0.11260559),
            42: (0.9929969, -0.0015432759, -0.0009864655, -0.11812643),
            43: (0.9923086, -0.00086468126, -0.0011935312, -0.12377983),
            44: (0.9915699, -0.00012645488, -0.0013739273, -0.12956573),
            45: (0.99077857, 0.0006986924, -0.0011648498, -0.13548408),
            46: (0.98993194, 0.0014601665, -0.0006320694, -0.14153518),
            47: (0.98902714, 0.0020924513, 0.000037520393, -0.14771892),
            48: (0.9880617, 0.0026030752, 0.0007094487, -0.15403484),
            49: (0.98703325, 0.0030013574, 0.001317762, -0.16048251),
            50: (0.98593926, 0.0032987967, 0.0018283563, -0.16706151),
        }
        double3 xformOp:translate.timeSamples = {
            0: (0.5799999833106995, 0, 0.02500000037252903),
            1: (0.5800158977508545, -0.00001955426523636561, 0.02500000037252903),
            2: (0.5800476670265198, -0.00005866279389010742, 0.025000521913170815),
            3: (0.5800953507423401, -0.00011732558778021485, 0.025002242997288704),
            4: (0.5801588892936707, -0.0001955426560016349, 0.025005951523780823),
            5: (0.5802383422851562, -0.00029331399127840996, 0.025012487545609474),
            6: (0.5803336501121521, -0.0004106395645067096, 0.02502269856631756),
            7: (0.580444872379303, -0.0005475194193422794, 0.025037400424480438),
            8: (0.5805720090866089, -0.0007039535557851195, 0.025057340040802956),
            9: (0.580715000629425, -0.000879941915627569, 0.02508317306637764),
            10: (0.5808739066123962, -0.0010754845570772886, 0.025115443393588066),
            11: (0.5810486674308777, -0.0012905814219266176, 0.02515457011759281),
            12: (0.5812393426895142, -0.0015252325683832169, 0.025200821459293365),
            13: (0.5814458727836609, -0.0017794379964470863, 0.025254322215914726),
            14: (0.5816683173179626, -0.002053197706118226, 0.025315038859844208),
            15: (0.5819066762924194, -0.002346511697396636, 0.02538285218179226),
            16: (0.5821608901023865, -0.002659379970282316, 0.02545744925737381),
            17: (0.5824310183525085, -0.0029918025247752666, 0.025538437068462372),
            18: (0.5827170014381409, -0.0033437791280448437, 0.025625193491578102),
            19: (0.5830188989639282, -0.003715310012921691, 0.025716934353113174),
            20: (0.5833366513252258, -0.004106395412236452, 0.025812707841396332),
            21: (0.5836703181266785, -0.0045170350931584835, 0.02591140754520893),
            22: (0.5840198397636414, -0.0049472288228571415, 0.02601192519068718),
            23: (0.5843852758407593, -0.005396976601332426, 0.026113348081707954),
            24: (0.5847666263580322, -0.0058662788942456245, 0.026214921846985817),
            25: (0.5851638317108154, -0.00635513523593545, 0.02631649561226368),
            26: (0.5855769515037537, -0.0068635460920631886, 0.026418069377541542),
            27: (0.5860059261322021, -0.007391511462628841, 0.026519643142819405),
            28: (0.5864508152008057, -0.007939030416309834, 0.026621216908097267),
            29: (0.5869115591049194, -0.008506104350090027, 0.02672279067337513),
            30: (0.5873882174491882, -0.009092732332646847, 0.026824364438652992),
            31: (0.5878807902336121, -0.009698914363980293, 0.026925938203930855),
            32: (0.5883892178535461, -0.010324650444090366, 0.027027511969208717),
            33: (0.5889135599136353, -0.01096994150429964, 0.027129093185067177),
            34: (0.5894537568092346, -0.011634786613285542, 0.027230681851506233),
            35: (0.590009868144989, -0.012319185771048069, 0.027332298457622528),
            36: (0.5905818343162537, -0.013023138977587223, 0.027433916926383972),
            37: (0.5911697149276733, -0.013746646232903004, 0.027535535395145416),
            38: (0.591773509979248, -0.014489708468317986, 0.027596835047006607),
            39: (0.592393159866333, -0.015252324752509594, 0.027617815881967545),
            40: (0.593028724193573, -0.01603449508547783, 0.02759847790002823),
            41: (0.5936801433563232, -0.016836220398545265, 0.02753882110118866),
            42: (0.5943474769592285, -0.017657499760389328, 0.027438845485448837),
            43: (0.595030665397644, -0.018498333171010017, 0.02729855105280876),
            44: (0.5957297682762146, -0.019358720630407333, 0.027117937803268433),
            45: (0.5964447855949402, -0.020238662138581276, 0.02693752385675907),
            46: (0.597175657749176, -0.021138157695531845, 0.02675771526992321),
            47: (0.5979224443435669, -0.02205720730125904, 0.026579100638628006),
            48: (0.598685085773468, -0.022995810955762863, 0.026403935626149178),
            49: (0.5994636416435242, -0.02395397052168846, 0.026235565543174744),
            50: (0.6002580523490906, -0.024931684136390686, 0.026076974347233772),
        }
        uniform token[] xformOpOrder = ["xformOp:translate", "xformOp:orient"]

        def Cube "box"
        {
            color3f[] primvars:displayColor = [(0.88, 0.39, 0.18)] (
                interpolation = "constant"
            )
            double size = 2
            float3 xformOp:scale = (0.1, 0.05, 0.025)
            uniform token[] xformOpOrder = ["xformOp:scale"]
        }
    }

    def Xform "surface_points"
    {
        quatf xformOp:orient.timeSamples = {
            0: (1, 0, 0, 0),
            1: (1, 0.000097331875, 0.000037582467, -0.00012986206),
            2: (0.9999999, 0.00028776372, 0.00011027343, -0.0003895979),
            3: (0.9999995, 0.00056583376, 0.00021477709, -0.0007792342),
            4: (0.9999987, 0.0009250349, 0.00034712369, -0.0012988049),
            5: (0.9999971, 0.0013580469, 0.00050280226, -0.001948348),
            6: (0.99999434, 0.0018569141, 0.000676886, -0.0027279032),
            7: (0.9999901, 0.002413161, 0.0008641444, -0.003637508),
            8: (0.99998397, 0.0030178542, 0.0010591366, -0.0046772105),
            9: (0.99997544, 0.0036615047, 0.0012561259, -0.0058470764),
            10: (0.999964, 0.004333938, 0.001449283, -0.007147205),
            11: (0.9999493, 0.005024346, 0.001632648, -0.008577733),
            12: (0.9999306, 0.0057212776, 0.0018004563, -0.010138771),
            13: (0.99990755, 0.0064129867, 0.001946989, -0.011830387),
            14: (0.99987954, 0.0070872037, 0.0020672106, -0.013652616),
            15: (0.99984604, 0.007730988, 0.0021562013, -0.01560547),
            16: (0.9998064, 0.0083308425, 0.0022097041, -0.017688964),
            17: (0.9997601, 0.008871607, 0.0022243285, -0.019903136),
            18: (0.99970645, 0.009338155, 0.0021980235, -0.022248067),
            19: (0.9996448, 0.009715515, 0.0021303836, -0.02472388),
            20: (0.9995745, 0.009989576, 0.002022832, -0.027330764),
            21: (0.99949455, 0.0101473555, 0.0018795755, -0.030068906),
            22: (0.99940413, 0.01017651, 0.0017063268, -0.032938477),
            23: (0.99930215, 0.010063717, 0.0015089738, -0.03593961),
            24: (0.9991875, 0.009794586, 0.001294149, -0.039072443),
            25: (0.9990591, 0.009349065, 0.0010648019, -0.04233707),
            26: (0.9989154, 0.008707183, 0.0008237394, -0.045733605),
            27: (0.99875486, 0.007850635, 0.00057523395, -0.04926221),
            28: (0.9985756, 0.006762469, 0.0003255667, -0.052923087),
            29: (0.9983756, 0.0054266523, 0.000084213825, -0.056716483),
            30: (0.9981522, 0.003827863, -0.00013379287, -0.060642667),
            31: (0.9979027, 0.0019518441, -0.00030143495, -0.064701885),
            32: (0.99762386, -0.00021194876, -0.00034668992, -0.06889432),
            33: (0.9973137, -0.0020668458, -0.0000109769035, -0.07321966),
            34: (0.9969728, -0.0033512244, 0.0005162439, -0.07767696),
            35: (0.9966016, -0.004095432, 0.00083624304, -0.08226695),
            36: (0.9961994, -0.0043109087, 0.00085156615, -0.08699054),
            37: (0.99576485, -0.0040098424, 0.00047118223, -0.091848314),
            38: (0.99529344, -0.0036432866, 0.00012124599, -0.0968387),
            39: (0.9947831, -0.0032123614, -0.00019887062, -0.101961695),
            40: (0.99423176, -0.0027180456, -0.00048976974, -0.107217334),
            41: (0.99363714, -0.00216136, -0.000752088, -0.11260559),
            42: (0.9929969, -0.0015432759, -0.0009864655, -0.11812643),
            43: (0.9923086, -0.00086468126, -0.0011935312, -0.12377983),
            44: (0.9915699, -0.00012645488, -0.0013739273, -0.12956573),
            45: (0.99077857, 0.0006986924, -0.0011648498, -0.13548408),
            46: (0.98993194, 0.0014601665, -0.0006320694, -0.14153518),
            47: (0.98902714, 0.0020924513, 0.000037520393, -0.14771892),
            48: (0.9880617, 0.0026030752, 0.0007094487, -0.15403484),
            49: (0.98703325, 0.0030013574, 0.001317762, -0.16048251),
            50: (0.98593926, 0.0032987967, 0.0018283563, -0.16706151),
        }
        double3 xformOp:translate.timeSamples = {
            0: (0.5799999833106995, 0, 0.02500000037252903),
            1: (0.5800158977508545, -0.00001955426523636561, 0.02500000037252903),
            2: (0.5800476670265198, -0.00005866279389010742, 0.025000521913170815),
            3: (0.5800953507423401, -0.00011732558778021485, 0.025002242997288704),
            4: (0.5801588892936707, -0.0001955426560016349, 0.025005951523780823),
            5: (0.5802383422851562, -0.00029331399127840996, 0.025012487545609474),
            6: (0.5803336501121521, -0.0004106395645067096, 0.02502269856631756),
            7: (0.580444872379303, -0.0005475194193422794, 0.025037400424480438),
            8: (0.5805720090866089, -0.0007039535557851195, 0.025057340040802956),
            9: (0.580715000629425, -0.000879941915627569, 0.02508317306637764),
            10: (0.5808739066123962, -0.0010754845570772886, 0.025115443393588066),
            11: (0.5810486674308777, -0.0012905814219266176, 0.02515457011759281),
            12: (0.5812393426895142, -0.0015252325683832169, 0.025200821459293365),
            13: (0.5814458727836609, -0.0017794379964470863, 0.025254322215914726),
            14: (0.5816683173179626, -0.002053197706118226, 0.025315038859844208),
            15: (0.5819066762924194, -0.002346511697396636, 0.02538285218179226),
            16: (0.5821608901023865, -0.002659379970282316, 0.02545744925737381),
            17: (0.5824310183525085, -0.0029918025247752666, 0.025538437068462372),
            18: (0.5827170014381409, -0.0033437791280448437, 0.025625193491578102),
            19: (0.5830188989639282, -0.003715310012921691, 0.025716934353113174),
            20: (0.5833366513252258, -0.004106395412236452, 0.025812707841396332),
            21: (0.5836703181266785, -0.0045170350931584835, 0.02591140754520893),
            22: (0.5840198397636414, -0.0049472288228571415, 0.02601192519068718),
            23: (0.5843852758407593, -0.005396976601332426, 0.026113348081707954),
            24: (0.5847666263580322, -0.0058662788942456245, 0.026214921846985817),
            25: (0.5851638317108154, -0.00635513523593545, 0.02631649561226368),
            26: (0.5855769515037537, -0.0068635460920631886, 0.026418069377541542),
            27: (0.5860059261322021, -0.007391511462628841, 0.026519643142819405),
            28: (0.5864508152008057, -0.007939030416309834, 0.026621216908097267),
            29: (0.5869115591049194, -0.008506104350090027, 0.02672279067337513),
            30: (0.5873882174491882, -0.009092732332646847, 0.026824364438652992),
            31: (0.5878807902336121, -0.009698914363980293, 0.026925938203930855),
            32: (0.5883892178535461, -0.010324650444090366, 0.027027511969208717),
            33: (0.5889135599136353, -0.01096994150429964, 0.027129093185067177),
            34: (0.5894537568092346, -0.011634786613285542, 0.027230681851506233),
            35: (0.590009868144989, -0.012319185771048069, 0.027332298457622528),
            36: (0.5905818343162537, -0.013023138977587223, 0.027433916926383972),
            37: (0.5911697149276733, -0.013746646232903004, 0.027535535395145416),
            38: (0.591773509979248, -0.014489708468317986, 0.027596835047006607),
            39: (0.592393159866333, -0.015252324752509594, 0.027617815881967545),
            40: (0.593028724193573, -0.01603449508547783, 0.02759847790002823),
            41: (0.5936801433563232, -0.016836220398545265, 0.02753882110118866),
            42: (0.5943474769592285, -0.017657499760389328, 0.027438845485448837),
            43: (0.595030665397644, -0.018498333171010017, 0.02729855105280876),
            44: (0.5957297682762146, -0.019358720630407333, 0.027117937803268433),
            45: (0.5964447855949402, -0.020238662138581276, 0.02693752385675907),
            46: (0.597175657749176, -0.021138157695531845, 0.02675771526992321),
            47: (0.5979224443435669, -0.02205720730125904, 0.026579100638628006),
            48: (0.598685085773468, -0.022995810955762863, 0.026403935626149178),
            49: (0.5994636416435242, -0.02395397052168846, 0.026235565543174744),
            50: (0.6002580523490906, -0.024931684136390686, 0.026076974347233772),
        }
        uniform token[] xformOpOrder = ["xformOp:translate", "xformOp:orient"]

        def Sphere "shape_0000"
        {
            color3f[] primvars:displayColor = [(0.96, 0.92, 0.18)] (
                interpolation = "constant"
            )
            double radius = 0.003599999938160181
            double3 xformOp:translate = (-0.10000000149011612, -0.0416666679084301, -0.01666666567325592)
            uniform token[] xformOpOrder = ["xformOp:translate"]
        }

        def Sphere "shape_0001"
        {
            color3f[] primvars:displayColor = [(0.96, 0.92, 0.18)] (
                interpolation = "constant"
            )
            double radius = 0.003599999938160181
            double3 xformOp:translate = (-0.10000000149011612, -0.0416666679084301, 1.862645149230957e-9)
            uniform token[] xformOpOrder = ["xformOp:translate"]
        }

        def Sphere "shape_0002"
        {
            color3f[] primvars:displayColor = [(0.96, 0.92, 0.18)] (
                interpolation = "constant"
            )
            double radius = 0.003599999938160181
            double3 xformOp:translate = (-0.10000000149011612, -0.0416666679084301, 0.01666666753590107)
            uniform token[] xformOpOrder = ["xformOp:translate"]
        }

        def Sphere "shape_0003"
        {
            color3f[] primvars:displayColor = [(0.96, 0.92, 0.18)] (
                interpolation = "constant"
            )
            double radius = 0.003599999938160181
            double3 xformOp:translate = (-0.10000000149011612, -0.02499999850988388, -0.01666666567325592)
            uniform token[] xformOpOrder = ["xformOp:translate"]
        }

        def Sphere "shape_0004"
        {
            color3f[] primvars:displayColor = [(0.96, 0.92, 0.18)] (
                interpolation = "constant"
            )
            double radius = 0.003599999938160181
            double3 xformOp:translate = (-0.10000000149011612, -0.02499999850988388, 1.862645149230957e-9)
            uniform token[] xformOpOrder = ["xformOp:translate"]
        }

        def Sphere "shape_0005"
        {
            color3f[] primvars:displayColor = [(0.96, 0.92, 0.18)] (
                interpolation = "constant"
            )
            double radius = 0.003599999938160181
            double3 xformOp:translate = (-0.10000000149011612, -0.02499999850988388, 0.01666666753590107)
            uniform token[] xformOpOrder = ["xformOp:translate"]
        }

        def Sphere "shape_0006"
        {
            color3f[] primvars:displayColor = [(0.96, 0.92, 0.18)] (
                interpolation = "constant"
            )
            double radius = 0.003599999938160181
            double3 xformOp:translate = (-0.10000000149011612, -0.00833333283662796, -0.01666666567325592)
            uniform token[] xformOpOrder = ["xformOp:translate"]
        }

        def Sphere "shape_0007"
        {
            color3f[] primvars:displayColor = [(0.96, 0.92, 0.18)] (
                interpolation = "constant"
            )
            double radius = 0.003599999938160181
            double3 xformOp:translate = (-0.10000000149011612, -0.00833333283662796, 1.862645149230957e-9)
            uniform token[] xformOpOrder = ["xformOp:translate"]
        }

        def Sphere "shape_0008"
        {
            color3f[] primvars:displayColor = [(0.96, 0.92, 0.18)] (
                interpolation = "constant"
            )
            double radius = 0.003599999938160181
            double3 xformOp:translate = (-0.10000000149011612, -0.00833333283662796, 0.01666666753590107)
            uniform token[] xformOpOrder = ["xformOp:translate"]
        }

        def Sphere "shape_0009"
        {
            color3f[] primvars:displayColor = [(0.96, 0.92, 0.18)] (
                interpolation = "constant"
            )
            double radius = 0.003599999938160181
            double3 xformOp:translate = (-0.10000000149011612, 0.008333336561918259, -0.01666666567325592)
            uniform token[] xformOpOrder = ["xformOp:translate"]
        }

        def Sphere "shape_0010"
        {
            color3f[] primvars:displayColor = [(0.96, 0.92, 0.18)] (
                interpolation = "constant"
            )
            double radius = 0.003599999938160181
            double3 xformOp:translate = (-0.10000000149011612, 0.008333336561918259, 1.862645149230957e-9)
            uniform token[] xformOpOrder = ["xformOp:translate"]
        }

        def Sphere "shape_0011"
        {
            color3f[] primvars:displayColor = [(0.96, 0.92, 0.18)] (
                interpolation = "constant"
            )
            double radius = 0.003599999938160181
            double3 xformOp:translate = (-0.10000000149011612, 0.008333336561918259, 0.01666666753590107)
            uniform token[] xformOpOrder = ["xformOp:translate"]
        }

        def Sphere "shape_0012"
        {
            color3f[] primvars:displayColor = [(0.96, 0.92, 0.18)] (
                interpolation = "constant"
            )
            double radius = 0.003599999938160181
            double3 xformOp:translate = (-0.10000000149011612, 0.02500000223517418, -0.01666666567325592)
            uniform token[] xformOpOrder = ["xformOp:translate"]
        }

        def Sphere "shape_0013"
        {
            color3f[] primvars:displayColor = [(0.96, 0.92, 0.18)] (
                interpolation = "constant"
            )
            double radius = 0.003599999938160181
            double3 xformOp:translate = (-0.10000000149011612, 0.02500000223517418, 1.862645149230957e-9)
            uniform token[] xformOpOrder = ["xformOp:translate"]
        }

        def Sphere "shape_0014"
        {
            color3f[] primvars:displayColor = [(0.96, 0.92, 0.18)] (
                interpolation = "constant"
            )
            double radius = 0.003599999938160181
            double3 xformOp:translate = (-0.10000000149011612, 0.02500000223517418, 0.01666666753590107)
            uniform token[] xformOpOrder = ["xformOp:translate"]
        }

        def Sphere "shape_0015"
        {
            color3f[] primvars:displayColor = [(0.96, 0.92, 0.18)] (
                interpolation = "constant"
            )
            double radius = 0.003599999938160181
            double3 xformOp:translate = (-0.10000000149011612, 0.0416666679084301, -0.01666666567325592)
            uniform token[] xformOpOrder = ["xformOp:translate"]
        }

        def Sphere "shape_0016"
        {
            color3f[] primvars:displayColor = [(0.96, 0.92, 0.18)] (
                interpolation = "constant"
            )
            double radius = 0.003599999938160181
            double3 xformOp:translate = (-0.10000000149011612, 0.0416666679084301, 1.862645149230957e-9)
            uniform token[] xformOpOrder = ["xformOp:translate"]
        }

        def Sphere "shape_0017"
        {
            color3f[] primvars:displayColor = [(0.96, 0.92, 0.18)] (
                interpolation = "constant"
            )
            double radius = 0.003599999938160181
            double3 xformOp:translate = (-0.10000000149011612, 0.0416666679084301, 0.01666666753590107)
            uniform token[] xformOpOrder = ["xformOp:translate"]
        }

        def Sphere "shape_0018"
        {
            color3f[] primvars:displayColor = [(0.96, 0.92, 0.18)] (
                interpolation = "constant"
            )
            double radius = 0.003599999938160181
            double3 xformOp:translate = (0.10000000149011612, -0.0416666679084301, -0.01666666567325592)
            uniform token[] xformOpOrder = ["xformOp:translate"]
        }

        def Sphere "shape_0019"
        {
            color3f[] primvars:displayColor = [(0.96, 0.92, 0.18)] (
                interpolation = "constant"
            )
            double radius = 0.003599999938160181
            double3 xformOp:translate = (0.10000000149011612, -0.0416666679084301, 1.862645149230957e-9)
            uniform token[] xformOpOrder = ["xformOp:translate"]
        }

        def Sphere "shape_0020"
        {
            color3f[] primvars:displayColor = [(0.96, 0.92, 0.18)] (
                interpolation = "constant"
            )
            double radius = 0.003599999938160181
            double3 xformOp:translate = (0.10000000149011612, -0.0416666679084301, 0.01666666753590107)
            uniform token[] xformOpOrder = ["xformOp:translate"]
        }

        def Sphere "shape_0021"
        {
            color3f[] primvars:displayColor = [(0.96, 0.92, 0.18)] (
                interpolation = "constant"
            )
            double radius = 0.003599999938160181
            double3 xformOp:translate = (0.10000000149011612, -0.02499999850988388, -0.01666666567325592)
            uniform token[] xformOpOrder = ["xformOp:translate"]
        }

        def Sphere "shape_0022"
        {
            color3f[] primvars:displayColor = [(0.96, 0.92, 0.18)] (
                interpolation = "constant"
            )
            double radius = 0.003599999938160181
            double3 xformOp:translate = (0.10000000149011612, -0.02499999850988388, 1.862645149230957e-9)
            uniform token[] xformOpOrder = ["xformOp:translate"]
        }

        def Sphere "shape_0023"
        {
            color3f[] primvars:displayColor = [(0.96, 0.92, 0.18)] (
                interpolation = "constant"
            )
            double radius = 0.003599999938160181
            double3 xformOp:translate = (0.10000000149011612, -0.02499999850988388, 0.01666666753590107)
            uniform token[] xformOpOrder = ["xformOp:translate"]
        }

        def Sphere "shape_0024"
        {
            color3f[] primvars:displayColor = [(0.96, 0.92, 0.18)] (
                interpolation = "constant"
            )
            double radius = 0.003599999938160181
            double3 xformOp:translate = (0.10000000149011612, -0.00833333283662796, -0.01666666567325592)
            uniform token[] xformOpOrder = ["xformOp:translate"]
        }

        def Sphere "shape_0025"
        {
            color3f[] primvars:displayColor = [(0.96, 0.92, 0.18)] (
                interpolation = "constant"
            )
            double radius = 0.003599999938160181
            double3 xformOp:translate = (0.10000000149011612, -0.00833333283662796, 1.862645149230957e-9)
            uniform token[] xformOpOrder = ["xformOp:translate"]
        }

        def Sphere "shape_0026"
        {
            color3f[] primvars:displayColor = [(0.96, 0.92, 0.18)] (
                interpolation = "constant"
            )
            double radius = 0.003599999938160181
            double3 xformOp:translate = (0.10000000149011612, -0.00833333283662796, 0.01666666753590107)
            uniform token[] xformOpOrder = ["xformOp:translate"]
        }

        def Sphere "shape_0027"
        {
            color3f[] primvars:displayColor = [(0.96, 0.92, 0.18)] (
                interpolation = "constant"
            )
            double radius = 0.003599999938160181
            double3 xformOp:translate = (0.10000000149011612, 0.008333336561918259, -0.01666666567325592)
            uniform token[] xformOpOrder = ["xformOp:translate"]
        }

        def Sphere "shape_0028"
        {
            color3f[] primvars:displayColor = [(0.96, 0.92, 0.18)] (
                interpolation = "constant"
            )
            double radius = 0.003599999938160181
            double3 xformOp:translate = (0.10000000149011612, 0.008333336561918259, 1.862645149230957e-9)
            uniform token[] xformOpOrder = ["xformOp:translate"]
        }

        def Sphere "shape_0029"
        {
            color3f[] primvars:displayColor = [(0.96, 0.92, 0.18)] (
                interpolation = "constant"
            )
            double radius = 0.003599999938160181
            double3 xformOp:translate = (0.10000000149011612, 0.008333336561918259, 0.01666666753590107)
            uniform token[] xformOpOrder = ["xformOp:translate"]
        }

        def Sphere "shape_0030"
        {
            color3f[] primvars:displayColor = [(0.96, 0.92, 0.18)] (
                interpolation = "constant"
            )
            double radius = 0.003599999938160181
            double3 xformOp:translate = (0.10000000149011612, 0.02500000223517418, -0.01666666567325592)
            uniform token[] xformOpOrder = ["xformOp:translate"]
        }

        def Sphere "shape_0031"
        {
            color3f[] primvars:displayColor = [(0.96, 0.92, 0.18)] (
                interpolation = "constant"
            )
            double radius = 0.003599999938160181
            double3 xformOp:translate = (0.10000000149011612, 0.02500000223517418, 1.862645149230957e-9)
            uniform token[] xformOpOrder = ["xformOp:translate"]
        }

        def Sphere "shape_0032"
        {
            color3f[] primvars:displayColor = [(0.96, 0.92, 0.18)] (
                interpolation = "constant"
            )
            double radius = 0.003599999938160181
            double3 xformOp:translate = (0.10000000149011612, 0.02500000223517418, 0.01666666753590107)
            uniform token[] xformOpOrder = ["xformOp:translate"]
        }

        def Sphere "shape_0033"
        {
            color3f[] primvars:displayColor = [(0.96, 0.92, 0.18)] (
                interpolation = "constant"
            )
            double radius = 0.003599999938160181
            double3 xformOp:translate = (0.10000000149011612, 0.0416666679084301, -0.01666666567325592)
            uniform token[] xformOpOrder = ["xformOp:translate"]
        }

        def Sphere "shape_0034"
        {
            color3f[] primvars:displayColor = [(0.96, 0.92, 0.18)] (
                interpolation = "constant"
            )
            double radius = 0.003599999938160181
            double3 xformOp:translate = (0.10000000149011612, 0.0416666679084301, 1.862645149230957e-9)
            uniform token[] xformOpOrder = ["xformOp:translate"]
        }

        def Sphere "shape_0035"
        {
            color3f[] primvars:displayColor = [(0.96, 0.92, 0.18)] (
                interpolation = "constant"
            )
            double radius = 0.003599999938160181
            double3 xformOp:translate = (0.10000000149011612, 0.0416666679084301, 0.01666666753590107)
            uniform token[] xformOpOrder = ["xformOp:translate"]
        }

        def Sphere "shape_0036"
        {
            color3f[] primvars:displayColor = [(0.96, 0.92, 0.18)] (
                interpolation = "constant"
            )
            double radius = 0.003599999938160181
            double3 xformOp:translate = (-0.09090909361839294, -0.05000000074505806, -0.01666666567325592)
            uniform token[] xformOpOrder = ["xformOp:translate"]
        }

        def Sphere "shape_0037"
        {
            color3f[] primvars:displayColor = [(0.96, 0.92, 0.18)] (
                interpolation = "constant"
            )
            double radius = 0.003599999938160181
            double3 xformOp:translate = (-0.09090909361839294, -0.05000000074505806, 1.862645149230957e-9)
            uniform token[] xformOpOrder = ["xformOp:translate"]
        }

        def Sphere "shape_0038"
        {
            color3f[] primvars:displayColor = [(0.96, 0.92, 0.18)] (
                interpolation = "constant"
            )
            double radius = 0.003599999938160181
            double3 xformOp:translate = (-0.09090909361839294, -0.05000000074505806, 0.01666666753590107)
            uniform token[] xformOpOrder = ["xformOp:translate"]
        }

        def Sphere "shape_0039"
        {
            color3f[] primvars:displayColor = [(0.96, 0.92, 0.18)] (
                interpolation = "constant"
            )
            double radius = 0.003599999938160181
            double3 xformOp:translate = (-0.0727272778749466, -0.05000000074505806, -0.01666666567325592)
            uniform token[] xformOpOrder = ["xformOp:translate"]
        }

        def Sphere "shape_0040"
        {
            color3f[] primvars:displayColor = [(0.96, 0.92, 0.18)] (
                interpolation = "constant"
            )
            double radius = 0.003599999938160181
            double3 xformOp:translate = (-0.0727272778749466, -0.05000000074505806, 1.862645149230957e-9)
            uniform token[] xformOpOrder = ["xformOp:translate"]
        }

        def Sphere "shape_0041"
        {
            color3f[] primvars:displayColor = [(0.96, 0.92, 0.18)] (
                interpolation = "constant"
            )
            double radius = 0.003599999938160181
            double3 xformOp:translate = (-0.0727272778749466, -0.05000000074505806, 0.01666666753590107)
            uniform token[] xformOpOrder = ["xformOp:translate"]
        }

        def Sphere "shape_0042"
        {
            color3f[] primvars:displayColor = [(0.96, 0.92, 0.18)] (
                interpolation = "constant"
            )
            double radius = 0.003599999938160181
            double3 xformOp:translate = (-0.054545458406209946, -0.05000000074505806, -0.01666666567325592)
            uniform token[] xformOpOrder = ["xformOp:translate"]
        }

        def Sphere "shape_0043"
        {
            color3f[] primvars:displayColor = [(0.96, 0.92, 0.18)] (
                interpolation = "constant"
            )
            double radius = 0.003599999938160181
            double3 xformOp:translate = (-0.054545458406209946, -0.05000000074505806, 1.862645149230957e-9)
            uniform token[] xformOpOrder = ["xformOp:translate"]
        }

        def Sphere "shape_0044"
        {
            color3f[] primvars:displayColor = [(0.96, 0.92, 0.18)] (
                interpolation = "constant"
            )
            double radius = 0.003599999938160181
            double3 xformOp:translate = (-0.054545458406209946, -0.05000000074505806, 0.01666666753590107)
            uniform token[] xformOpOrder = ["xformOp:translate"]
        }

        def Sphere "shape_0045"
        {
            color3f[] primvars:displayColor = [(0.96, 0.92, 0.18)] (
                interpolation = "constant"
            )
            double radius = 0.003599999938160181
            double3 xformOp:translate = (-0.0363636389374733, -0.05000000074505806, -0.01666666567325592)
            uniform token[] xformOpOrder = ["xformOp:translate"]
        }

        def Sphere "shape_0046"
        {
            color3f[] primvars:displayColor = [(0.96, 0.92, 0.18)] (
                interpolation = "constant"
            )
            double radius = 0.003599999938160181
            double3 xformOp:translate = (-0.0363636389374733, -0.05000000074505806, 1.862645149230957e-9)
            uniform token[] xformOpOrder = ["xformOp:translate"]
        }

        def Sphere "shape_0047"
        {
            color3f[] primvars:displayColor = [(0.96, 0.92, 0.18)] (
                interpolation = "constant"
            )
            double radius = 0.003599999938160181
            double3 xformOp:translate = (-0.0363636389374733, -0.05000000074505806, 0.01666666753590107)
            uniform token[] xformOpOrder = ["xformOp:translate"]
        }

        def Sphere "shape_0048"
        {
            color3f[] primvars:displayColor = [(0.96, 0.92, 0.18)] (
                interpolation = "constant"
            )
            double radius = 0.003599999938160181
            double3 xformOp:translate = (-0.018181823194026947, -0.05000000074505806, -0.01666666567325592)
            uniform token[] xformOpOrder = ["xformOp:translate"]
        }

        def Sphere "shape_0049"
        {
            color3f[] primvars:displayColor = [(0.96, 0.92, 0.18)] (
                interpolation = "constant"
            )
            double radius = 0.003599999938160181
            double3 xformOp:translate = (-0.018181823194026947, -0.05000000074505806, 1.862645149230957e-9)
            uniform token[] xformOpOrder = ["xformOp:translate"]
        }

        def Sphere "shape_0050"
        {
            color3f[] primvars:displayColor = [(0.96, 0.92, 0.18)] (
                interpolation = "constant"
            )
            double radius = 0.003599999938160181
            double3 xformOp:translate = (-0.018181823194026947, -0.05000000074505806, 0.01666666753590107)
            uniform token[] xformOpOrder = ["xformOp:translate"]
        }

        def Sphere "shape_0051"
        {
            color3f[] primvars:displayColor = [(0.96, 0.92, 0.18)] (
                interpolation = "constant"
            )
            double radius = 0.003599999938160181
            double3 xformOp:translate = (-7.450580596923828e-9, -0.05000000074505806, -0.01666666567325592)
            uniform token[] xformOpOrder = ["xformOp:translate"]
        }

        def Sphere "shape_0052"
        {
            color3f[] primvars:displayColor = [(0.96, 0.92, 0.18)] (
                interpolation = "constant"
            )
            double radius = 0.003599999938160181
            double3 xformOp:translate = (-7.450580596923828e-9, -0.05000000074505806, 1.862645149230957e-9)
            uniform token[] xformOpOrder = ["xformOp:translate"]
        }

        def Sphere "shape_0053"
        {
            color3f[] primvars:displayColor = [(0.96, 0.92, 0.18)] (
                interpolation = "constant"
            )
            double radius = 0.003599999938160181
            double3 xformOp:translate = (-7.450580596923828e-9, -0.05000000074505806, 0.01666666753590107)
            uniform token[] xformOpOrder = ["xformOp:translate"]
        }

        def Sphere "shape_0054"
        {
            color3f[] primvars:displayColor = [(0.96, 0.92, 0.18)] (
                interpolation = "constant"
            )
            double radius = 0.003599999938160181
            double3 xformOp:translate = (0.01818181574344635, -0.05000000074505806, -0.01666666567325592)
            uniform token[] xformOpOrder = ["xformOp:translate"]
        }

        def Sphere "shape_0055"
        {
            color3f[] primvars:displayColor = [(0.96, 0.92, 0.18)] (
                interpolation = "constant"
            )
            double radius = 0.003599999938160181
            double3 xformOp:translate = (0.01818181574344635, -0.05000000074505806, 1.862645149230957e-9)
            uniform token[] xformOpOrder = ["xformOp:translate"]
        }

        def Sphere "shape_0056"
        {
            color3f[] primvars:displayColor = [(0.96, 0.92, 0.18)] (
                interpolation = "constant"
            )
            double radius = 0.003599999938160181
            double3 xformOp:translate = (0.01818181574344635, -0.05000000074505806, 0.01666666753590107)
            uniform token[] xformOpOrder = ["xformOp:translate"]
        }

        def Sphere "shape_0057"
        {
            color3f[] primvars:displayColor = [(0.96, 0.92, 0.18)] (
                interpolation = "constant"
            )
            double radius = 0.003599999938160181
            double3 xformOp:translate = (0.0363636240363121, -0.05000000074505806, -0.01666666567325592)
            uniform token[] xformOpOrder = ["xformOp:translate"]
        }

        def Sphere "shape_0058"
        {
            color3f[] primvars:displayColor = [(0.96, 0.92, 0.18)] (
                interpolation = "constant"
            )
            double radius = 0.003599999938160181
            double3 xformOp:translate = (0.0363636240363121, -0.05000000074505806, 1.862645149230957e-9)
            uniform token[] xformOpOrder = ["xformOp:translate"]
        }

        def Sphere "shape_0059"
        {
            color3f[] primvars:displayColor = [(0.96, 0.92, 0.18)] (
                interpolation = "constant"
            )
            double radius = 0.003599999938160181
            double3 xformOp:translate = (0.0363636240363121, -0.05000000074505806, 0.01666666753590107)
            uniform token[] xformOpOrder = ["xformOp:translate"]
        }

        def Sphere "shape_0060"
        {
            color3f[] primvars:displayColor = [(0.96, 0.92, 0.18)] (
                interpolation = "constant"
            )
            double radius = 0.003599999938160181
            double3 xformOp:translate = (0.05454545468091965, -0.05000000074505806, -0.01666666567325592)
            uniform token[] xformOpOrder = ["xformOp:translate"]
        }

        def Sphere "shape_0061"
        {
            color3f[] primvars:displayColor = [(0.96, 0.92, 0.18)] (
                interpolation = "constant"
            )
            double radius = 0.003599999938160181
            double3 xformOp:translate = (0.05454545468091965, -0.05000000074505806, 1.862645149230957e-9)
            uniform token[] xformOpOrder = ["xformOp:translate"]
        }

        def Sphere "shape_0062"
        {
            color3f[] primvars:displayColor = [(0.96, 0.92, 0.18)] (
                interpolation = "constant"
            )
            double radius = 0.003599999938160181
            double3 xformOp:translate = (0.05454545468091965, -0.05000000074505806, 0.01666666753590107)
            uniform token[] xformOpOrder = ["xformOp:translate"]
        }

        def Sphere "shape_0063"
        {
            color3f[] primvars:displayColor = [(0.96, 0.92, 0.18)] (
                interpolation = "constant"
            )
            double radius = 0.003599999938160181
            double3 xformOp:translate = (0.072727270424366, -0.05000000074505806, -0.01666666567325592)
            uniform token[] xformOpOrder = ["xformOp:translate"]
        }

        def Sphere "shape_0064"
        {
            color3f[] primvars:displayColor = [(0.96, 0.92, 0.18)] (
                interpolation = "constant"
            )
            double radius = 0.003599999938160181
            double3 xformOp:translate = (0.072727270424366, -0.05000000074505806, 1.862645149230957e-9)
            uniform token[] xformOpOrder = ["xformOp:translate"]
        }

        def Sphere "shape_0065"
        {
            color3f[] primvars:displayColor = [(0.96, 0.92, 0.18)] (
                interpolation = "constant"
            )
            double radius = 0.003599999938160181
            double3 xformOp:translate = (0.072727270424366, -0.05000000074505806, 0.01666666753590107)
            uniform token[] xformOpOrder = ["xformOp:translate"]
        }

        def Sphere "shape_0066"
        {
            color3f[] primvars:displayColor = [(0.96, 0.92, 0.18)] (
                interpolation = "constant"
            )
            double radius = 0.003599999938160181
            double3 xformOp:translate = (0.09090908616781235, -0.05000000074505806, -0.01666666567325592)
            uniform token[] xformOpOrder = ["xformOp:translate"]
        }

        def Sphere "shape_0067"
        {
            color3f[] primvars:displayColor = [(0.96, 0.92, 0.18)] (
                interpolation = "constant"
            )
            double radius = 0.003599999938160181
            double3 xformOp:translate = (0.09090908616781235, -0.05000000074505806, 1.862645149230957e-9)
            uniform token[] xformOpOrder = ["xformOp:translate"]
        }

        def Sphere "shape_0068"
        {
            color3f[] primvars:displayColor = [(0.96, 0.92, 0.18)] (
                interpolation = "constant"
            )
            double radius = 0.003599999938160181
            double3 xformOp:translate = (0.09090908616781235, -0.05000000074505806, 0.01666666753590107)
            uniform token[] xformOpOrder = ["xformOp:translate"]
        }

        def Sphere "shape_0069"
        {
            color3f[] primvars:displayColor = [(0.96, 0.92, 0.18)] (
                interpolation = "constant"
            )
            double radius = 0.003599999938160181
            double3 xformOp:translate = (-0.09090909361839294, 0.05000000074505806, -0.01666666567325592)
            uniform token[] xformOpOrder = ["xformOp:translate"]
        }

        def Sphere "shape_0070"
        {
            color3f[] primvars:displayColor = [(0.96, 0.92, 0.18)] (
                interpolation = "constant"
            )
            double radius = 0.003599999938160181
            double3 xformOp:translate = (-0.09090909361839294, 0.05000000074505806, 1.862645149230957e-9)
            uniform token[] xformOpOrder = ["xformOp:translate"]
        }

        def Sphere "shape_0071"
        {
            color3f[] primvars:displayColor = [(0.96, 0.92, 0.18)] (
                interpolation = "constant"
            )
            double radius = 0.003599999938160181
            double3 xformOp:translate = (-0.09090909361839294, 0.05000000074505806, 0.01666666753590107)
            uniform token[] xformOpOrder = ["xformOp:translate"]
        }

        def Sphere "shape_0072"
        {
            color3f[] primvars:displayColor = [(0.96, 0.92, 0.18)] (
                interpolation = "constant"
            )
            double radius = 0.003599999938160181
            double3 xformOp:translate = (-0.0727272778749466, 0.05000000074505806, -0.01666666567325592)
            uniform token[] xformOpOrder = ["xformOp:translate"]
        }

        def Sphere "shape_0073"
        {
            color3f[] primvars:displayColor = [(0.96, 0.92, 0.18)] (
                interpolation = "constant"
            )
            double radius = 0.003599999938160181
            double3 xformOp:translate = (-0.0727272778749466, 0.05000000074505806, 1.862645149230957e-9)
            uniform token[] xformOpOrder = ["xformOp:translate"]
        }

        def Sphere "shape_0074"
        {
            color3f[] primvars:displayColor = [(0.96, 0.92, 0.18)] (
                interpolation = "constant"
            )
            double radius = 0.003599999938160181
            double3 xformOp:translate = (-0.0727272778749466, 0.05000000074505806, 0.01666666753590107)
            uniform token[] xformOpOrder = ["xformOp:translate"]
        }

        def Sphere "shape_0075"
        {
            color3f[] primvars:displayColor = [(0.96, 0.92, 0.18)] (
                interpolation = "constant"
            )
            double radius = 0.003599999938160181
            double3 xformOp:translate = (-0.054545458406209946, 0.05000000074505806, -0.01666666567325592)
            uniform token[] xformOpOrder = ["xformOp:translate"]
        }

        def Sphere "shape_0076"
        {
            color3f[] primvars:displayColor = [(0.96, 0.92, 0.18)] (
                interpolation = "constant"
            )
            double radius = 0.003599999938160181
            double3 xformOp:translate = (-0.054545458406209946, 0.05000000074505806, 1.862645149230957e-9)
            uniform token[] xformOpOrder = ["xformOp:translate"]
        }

        def Sphere "shape_0077"
        {
            color3f[] primvars:displayColor = [(0.96, 0.92, 0.18)] (
                interpolation = "constant"
            )
            double radius = 0.003599999938160181
            double3 xformOp:translate = (-0.054545458406209946, 0.05000000074505806, 0.01666666753590107)
            uniform token[] xformOpOrder = ["xformOp:translate"]
        }

        def Sphere "shape_0078"
        {
            color3f[] primvars:displayColor = [(0.96, 0.92, 0.18)] (
                interpolation = "constant"
            )
            double radius = 0.003599999938160181
            double3 xformOp:translate = (-0.0363636389374733, 0.05000000074505806, -0.01666666567325592)
            uniform token[] xformOpOrder = ["xformOp:translate"]
        }

        def Sphere "shape_0079"
        {
            color3f[] primvars:displayColor = [(0.96, 0.92, 0.18)] (
                interpolation = "constant"
            )
            double radius = 0.003599999938160181
            double3 xformOp:translate = (-0.0363636389374733, 0.05000000074505806, 1.862645149230957e-9)
            uniform token[] xformOpOrder = ["xformOp:translate"]
        }

        def Sphere "shape_0080"
        {
            color3f[] primvars:displayColor = [(0.96, 0.92, 0.18)] (
                interpolation = "constant"
            )
            double radius = 0.003599999938160181
            double3 xformOp:translate = (-0.0363636389374733, 0.05000000074505806, 0.01666666753590107)
            uniform token[] xformOpOrder = ["xformOp:translate"]
        }

        def Sphere "shape_0081"
        {
            color3f[] primvars:displayColor = [(0.96, 0.92, 0.18)] (
                interpolation = "constant"
            )
            double radius = 0.003599999938160181
            double3 xformOp:translate = (-0.018181823194026947, 0.05000000074505806, -0.01666666567325592)
            uniform token[] xformOpOrder = ["xformOp:translate"]
        }

        def Sphere "shape_0082"
        {
            color3f[] primvars:displayColor = [(0.96, 0.92, 0.18)] (
                interpolation = "constant"
            )
            double radius = 0.003599999938160181
            double3 xformOp:translate = (-0.018181823194026947, 0.05000000074505806, 1.862645149230957e-9)
            uniform token[] xformOpOrder = ["xformOp:translate"]
        }

        def Sphere "shape_0083"
        {
            color3f[] primvars:displayColor = [(0.96, 0.92, 0.18)] (
                interpolation = "constant"
            )
            double radius = 0.003599999938160181
            double3 xformOp:translate = (-0.018181823194026947, 0.05000000074505806, 0.01666666753590107)
            uniform token[] xformOpOrder = ["xformOp:translate"]
        }

        def Sphere "shape_0084"
        {
            color3f[] primvars:displayColor = [(0.96, 0.92, 0.18)] (
                interpolation = "constant"
            )
            double radius = 0.003599999938160181
            double3 xformOp:translate = (-7.450580596923828e-9, 0.05000000074505806, -0.01666666567325592)
            uniform token[] xformOpOrder = ["xformOp:translate"]
        }

        def Sphere "shape_0085"
        {
            color3f[] primvars:displayColor = [(0.96, 0.92, 0.18)] (
                interpolation = "constant"
            )
            double radius = 0.003599999938160181
            double3 xformOp:translate = (-7.450580596923828e-9, 0.05000000074505806, 1.862645149230957e-9)
            uniform token[] xformOpOrder = ["xformOp:translate"]
        }

        def Sphere "shape_0086"
        {
            color3f[] primvars:displayColor = [(0.96, 0.92, 0.18)] (
                interpolation = "constant"
            )
            double radius = 0.003599999938160181
            double3 xformOp:translate = (-7.450580596923828e-9, 0.05000000074505806, 0.01666666753590107)
            uniform token[] xformOpOrder = ["xformOp:translate"]
        }

        def Sphere "shape_0087"
        {
            color3f[] primvars:displayColor = [(0.96, 0.92, 0.18)] (
                interpolation = "constant"
            )
            double radius = 0.003599999938160181
            double3 xformOp:translate = (0.01818181574344635, 0.05000000074505806, -0.01666666567325592)
            uniform token[] xformOpOrder = ["xformOp:translate"]
        }

        def Sphere "shape_0088"
        {
            color3f[] primvars:displayColor = [(0.96, 0.92, 0.18)] (
                interpolation = "constant"
            )
            double radius = 0.003599999938160181
            double3 xformOp:translate = (0.01818181574344635, 0.05000000074505806, 1.862645149230957e-9)
            uniform token[] xformOpOrder = ["xformOp:translate"]
        }

        def Sphere "shape_0089"
        {
            color3f[] primvars:displayColor = [(0.96, 0.92, 0.18)] (
                interpolation = "constant"
            )
            double radius = 0.003599999938160181
            double3 xformOp:translate = (0.01818181574344635, 0.05000000074505806, 0.01666666753590107)
            uniform token[] xformOpOrder = ["xformOp:translate"]
        }

        def Sphere "shape_0090"
        {
            color3f[] primvars:displayColor = [(0.96, 0.92, 0.18)] (
                interpolation = "constant"
            )
            double radius = 0.003599999938160181
            double3 xformOp:translate = (0.0363636240363121, 0.05000000074505806, -0.01666666567325592)
            uniform token[] xformOpOrder = ["xformOp:translate"]
        }

        def Sphere "shape_0091"
        {
            color3f[] primvars:displayColor = [(0.96, 0.92, 0.18)] (
                interpolation = "constant"
            )
            double radius = 0.003599999938160181
            double3 xformOp:translate = (0.0363636240363121, 0.05000000074505806, 1.862645149230957e-9)
            uniform token[] xformOpOrder = ["xformOp:translate"]
        }

        def Sphere "shape_0092"
        {
            color3f[] primvars:displayColor = [(0.96, 0.92, 0.18)] (
                interpolation = "constant"
            )
            double radius = 0.003599999938160181
            double3 xformOp:translate = (0.0363636240363121, 0.05000000074505806, 0.01666666753590107)
            uniform token[] xformOpOrder = ["xformOp:translate"]
        }

        def Sphere "shape_0093"
        {
            color3f[] primvars:displayColor = [(0.96, 0.92, 0.18)] (
                interpolation = "constant"
            )
            double radius = 0.003599999938160181
            double3 xformOp:translate = (0.05454545468091965, 0.05000000074505806, -0.01666666567325592)
            uniform token[] xformOpOrder = ["xformOp:translate"]
        }

        def Sphere "shape_0094"
        {
            color3f[] primvars:displayColor = [(0.96, 0.92, 0.18)] (
                interpolation = "constant"
            )
            double radius = 0.003599999938160181
            double3 xformOp:translate = (0.05454545468091965, 0.05000000074505806, 1.862645149230957e-9)
            uniform token[] xformOpOrder = ["xformOp:translate"]
        }

        def Sphere "shape_0095"
        {
            color3f[] primvars:displayColor = [(0.96, 0.92, 0.18)] (
                interpolation = "constant"
            )
            double radius = 0.003599999938160181
            double3 xformOp:translate = (0.05454545468091965, 0.05000000074505806, 0.01666666753590107)
            uniform token[] xformOpOrder = ["xformOp:translate"]
        }

        def Sphere "shape_0096"
        {
            color3f[] primvars:displayColor = [(0.96, 0.92, 0.18)] (
                interpolation = "constant"
            )
            double radius = 0.003599999938160181
            double3 xformOp:translate = (0.072727270424366, 0.05000000074505806, -0.01666666567325592)
            uniform token[] xformOpOrder = ["xformOp:translate"]
        }

        def Sphere "shape_0097"
        {
            color3f[] primvars:displayColor = [(0.96, 0.92, 0.18)] (
                interpolation = "constant"
            )
            double radius = 0.003599999938160181
            double3 xformOp:translate = (0.072727270424366, 0.05000000074505806, 1.862645149230957e-9)
            uniform token[] xformOpOrder = ["xformOp:translate"]
        }

        def Sphere "shape_0098"
        {
            color3f[] primvars:displayColor = [(0.96, 0.92, 0.18)] (
                interpolation = "constant"
            )
            double radius = 0.003599999938160181
            double3 xformOp:translate = (0.072727270424366, 0.05000000074505806, 0.01666666753590107)
            uniform token[] xformOpOrder = ["xformOp:translate"]
        }

        def Sphere "shape_0099"
        {
            color3f[] primvars:displayColor = [(0.96, 0.92, 0.18)] (
                interpolation = "constant"
            )
            double radius = 0.003599999938160181
            double3 xformOp:translate = (0.09090908616781235, 0.05000000074505806, -0.01666666567325592)
            uniform token[] xformOpOrder = ["xformOp:translate"]
        }

        def Sphere "shape_0100"
        {
            color3f[] primvars:displayColor = [(0.96, 0.92, 0.18)] (
                interpolation = "constant"
            )
            double radius = 0.003599999938160181
            double3 xformOp:translate = (0.09090908616781235, 0.05000000074505806, 1.862645149230957e-9)
            uniform token[] xformOpOrder = ["xformOp:translate"]
        }

        def Sphere "shape_0101"
        {
            color3f[] primvars:displayColor = [(0.96, 0.92, 0.18)] (
                interpolation = "constant"
            )
            double radius = 0.003599999938160181
            double3 xformOp:translate = (0.09090908616781235, 0.05000000074505806, 0.01666666753590107)
            uniform token[] xformOpOrder = ["xformOp:translate"]
        }

        def Sphere "shape_0102"
        {
            color3f[] primvars:displayColor = [(0.96, 0.92, 0.18)] (
                interpolation = "constant"
            )
            double radius = 0.003599999938160181
            double3 xformOp:translate = (-0.09090909361839294, -0.0416666679084301, -0.02500000037252903)
            uniform token[] xformOpOrder = ["xformOp:translate"]
        }

        def Sphere "shape_0103"
        {
            color3f[] primvars:displayColor = [(0.96, 0.92, 0.18)] (
                interpolation = "constant"
            )
            double radius = 0.003599999938160181
            double3 xformOp:translate = (-0.09090909361839294, -0.02499999850988388, -0.02500000037252903)
            uniform token[] xformOpOrder = ["xformOp:translate"]
        }

        def Sphere "shape_0104"
        {
            color3f[] primvars:displayColor = [(0.96, 0.92, 0.18)] (
                interpolation = "constant"
            )
            double radius = 0.003599999938160181
            double3 xformOp:translate = (-0.09090909361839294, -0.00833333283662796, -0.02500000037252903)
            uniform token[] xformOpOrder = ["xformOp:translate"]
        }

        def Sphere "shape_0105"
        {
            color3f[] primvars:displayColor = [(0.96, 0.92, 0.18)] (
                interpolation = "constant"
            )
            double radius = 0.003599999938160181
            double3 xformOp:translate = (-0.09090909361839294, 0.008333336561918259, -0.02500000037252903)
            uniform token[] xformOpOrder = ["xformOp:translate"]
        }

        def Sphere "shape_0106"
        {
            color3f[] primvars:displayColor = [(0.96, 0.92, 0.18)] (
                interpolation = "constant"
            )
            double radius = 0.003599999938160181
            double3 xformOp:translate = (-0.09090909361839294, 0.02500000223517418, -0.02500000037252903)
            uniform token[] xformOpOrder = ["xformOp:translate"]
        }

        def Sphere "shape_0107"
        {
            color3f[] primvars:displayColor = [(0.96, 0.92, 0.18)] (
                interpolation = "constant"
            )
            double radius = 0.003599999938160181
            double3 xformOp:translate = (-0.09090909361839294, 0.0416666679084301, -0.02500000037252903)
            uniform token[] xformOpOrder = ["xformOp:translate"]
        }

        def Sphere "shape_0108"
        {
            color3f[] primvars:displayColor = [(0.96, 0.92, 0.18)] (
                interpolation = "constant"
            )
            double radius = 0.003599999938160181
            double3 xformOp:translate = (-0.0727272778749466, -0.0416666679084301, -0.02500000037252903)
            uniform token[] xformOpOrder = ["xformOp:translate"]
        }

        def Sphere "shape_0109"
        {
            color3f[] primvars:displayColor = [(0.96, 0.92, 0.18)] (
                interpolation = "constant"
            )
            double radius = 0.003599999938160181
            double3 xformOp:translate = (-0.0727272778749466, -0.02499999850988388, -0.02500000037252903)
            uniform token[] xformOpOrder = ["xformOp:translate"]
        }

        def Sphere "shape_0110"
        {
            color3f[] primvars:displayColor = [(0.96, 0.92, 0.18)] (
                interpolation = "constant"
            )
            double radius = 0.003599999938160181
            double3 xformOp:translate = (-0.0727272778749466, -0.00833333283662796, -0.02500000037252903)
            uniform token[] xformOpOrder = ["xformOp:translate"]
        }

        def Sphere "shape_0111"
        {
            color3f[] primvars:displayColor = [(0.96, 0.92, 0.18)] (
                interpolation = "constant"
            )
            double radius = 0.003599999938160181
            double3 xformOp:translate = (-0.0727272778749466, 0.008333336561918259, -0.02500000037252903)
            uniform token[] xformOpOrder = ["xformOp:translate"]
        }

        def Sphere "shape_0112"
        {
            color3f[] primvars:displayColor = [(0.96, 0.92, 0.18)] (
                interpolation = "constant"
            )
            double radius = 0.003599999938160181
            double3 xformOp:translate = (-0.0727272778749466, 0.02500000223517418, -0.02500000037252903)
            uniform token[] xformOpOrder = ["xformOp:translate"]
        }

        def Sphere "shape_0113"
        {
            color3f[] primvars:displayColor = [(0.96, 0.92, 0.18)] (
                interpolation = "constant"
            )
            double radius = 0.003599999938160181
            double3 xformOp:translate = (-0.0727272778749466, 0.0416666679084301, -0.02500000037252903)
            uniform token[] xformOpOrder = ["xformOp:translate"]
        }

        def Sphere "shape_0114"
        {
            color3f[] primvars:displayColor = [(0.96, 0.92, 0.18)] (
                interpolation = "constant"
            )
            double radius = 0.003599999938160181
            double3 xformOp:translate = (-0.054545458406209946, -0.0416666679084301, -0.02500000037252903)
            uniform token[] xformOpOrder = ["xformOp:translate"]
        }

        def Sphere "shape_0115"
        {
            color3f[] primvars:displayColor = [(0.96, 0.92, 0.18)] (
                interpolation = "constant"
            )
            double radius = 0.003599999938160181
            double3 xformOp:translate = (-0.054545458406209946, -0.02499999850988388, -0.02500000037252903)
            uniform token[] xformOpOrder = ["xformOp:translate"]
        }

        def Sphere "shape_0116"
        {
            color3f[] primvars:displayColor = [(0.96, 0.92, 0.18)] (
                interpolation = "constant"
            )
            double radius = 0.003599999938160181
            double3 xformOp:translate = (-0.054545458406209946, -0.00833333283662796, -0.02500000037252903)
            uniform token[] xformOpOrder = ["xformOp:translate"]
        }

        def Sphere "shape_0117"
        {
            color3f[] primvars:displayColor = [(0.96, 0.92, 0.18)] (
                interpolation = "constant"
            )
            double radius = 0.003599999938160181
            double3 xformOp:translate = (-0.054545458406209946, 0.008333336561918259, -0.02500000037252903)
            uniform token[] xformOpOrder = ["xformOp:translate"]
        }

        def Sphere "shape_0118"
        {
            color3f[] primvars:displayColor = [(0.96, 0.92, 0.18)] (
                interpolation = "constant"
            )
            double radius = 0.003599999938160181
            double3 xformOp:translate = (-0.054545458406209946, 0.02500000223517418, -0.02500000037252903)
            uniform token[] xformOpOrder = ["xformOp:translate"]
        }

        def Sphere "shape_0119"
        {
            color3f[] primvars:displayColor = [(0.96, 0.92, 0.18)] (
                interpolation = "constant"
            )
            double radius = 0.003599999938160181
            double3 xformOp:translate = (-0.054545458406209946, 0.0416666679084301, -0.02500000037252903)
            uniform token[] xformOpOrder = ["xformOp:translate"]
        }

        def Sphere "shape_0120"
        {
            color3f[] primvars:displayColor = [(0.96, 0.92, 0.18)] (
                interpolation = "constant"
            )
            double radius = 0.003599999938160181
            double3 xformOp:translate = (-0.0363636389374733, -0.0416666679084301, -0.02500000037252903)
            uniform token[] xformOpOrder = ["xformOp:translate"]
        }

        def Sphere "shape_0121"
        {
            color3f[] primvars:displayColor = [(0.96, 0.92, 0.18)] (
                interpolation = "constant"
            )
            double radius = 0.003599999938160181
            double3 xformOp:translate = (-0.0363636389374733, -0.02499999850988388, -0.02500000037252903)
            uniform token[] xformOpOrder = ["xformOp:translate"]
        }

        def Sphere "shape_0122"
        {
            color3f[] primvars:displayColor = [(0.96, 0.92, 0.18)] (
                interpolation = "constant"
            )
            double radius = 0.003599999938160181
            double3 xformOp:translate = (-0.0363636389374733, -0.00833333283662796, -0.02500000037252903)
            uniform token[] xformOpOrder = ["xformOp:translate"]
        }

        def Sphere "shape_0123"
        {
            color3f[] primvars:displayColor = [(0.96, 0.92, 0.18)] (
                interpolation = "constant"
            )
            double radius = 0.003599999938160181
            double3 xformOp:translate = (-0.0363636389374733, 0.008333336561918259, -0.02500000037252903)
            uniform token[] xformOpOrder = ["xformOp:translate"]
        }

        def Sphere "shape_0124"
        {
            color3f[] primvars:displayColor = [(0.96, 0.92, 0.18)] (
                interpolation = "constant"
            )
            double radius = 0.003599999938160181
            double3 xformOp:translate = (-0.0363636389374733, 0.02500000223517418, -0.02500000037252903)
            uniform token[] xformOpOrder = ["xformOp:translate"]
        }

        def Sphere "shape_0125"
        {
            color3f[] primvars:displayColor = [(0.96, 0.92, 0.18)] (
                interpolation = "constant"
            )
            double radius = 0.003599999938160181
            double3 xformOp:translate = (-0.0363636389374733, 0.0416666679084301, -0.02500000037252903)
            uniform token[] xformOpOrder = ["xformOp:translate"]
        }

        def Sphere "shape_0126"
        {
            color3f[] primvars:displayColor = [(0.96, 0.92, 0.18)] (
                interpolation = "constant"
            )
            double radius = 0.003599999938160181
            double3 xformOp:translate = (-0.018181823194026947, -0.0416666679084301, -0.02500000037252903)
            uniform token[] xformOpOrder = ["xformOp:translate"]
        }

        def Sphere "shape_0127"
        {
            color3f[] primvars:displayColor = [(0.96, 0.92, 0.18)] (
                interpolation = "constant"
            )
            double radius = 0.003599999938160181
            double3 xformOp:translate = (-0.018181823194026947, -0.02499999850988388, -0.02500000037252903)
            uniform token[] xformOpOrder = ["xformOp:translate"]
        }

        def Sphere "shape_0128"
        {
            color3f[] primvars:displayColor = [(0.96, 0.92, 0.18)] (
                interpolation = "constant"
            )
            double radius = 0.003599999938160181
            double3 xformOp:translate = (-0.018181823194026947, -0.00833333283662796, -0.02500000037252903)
            uniform token[] xformOpOrder = ["xformOp:translate"]
        }

        def Sphere "shape_0129"
        {
            color3f[] primvars:displayColor = [(0.96, 0.92, 0.18)] (
                interpolation = "constant"
            )
            double radius = 0.003599999938160181
            double3 xformOp:translate = (-0.018181823194026947, 0.008333336561918259, -0.02500000037252903)
            uniform token[] xformOpOrder = ["xformOp:translate"]
        }

        def Sphere "shape_0130"
        {
            color3f[] primvars:displayColor = [(0.96, 0.92, 0.18)] (
                interpolation = "constant"
            )
            double radius = 0.003599999938160181
            double3 xformOp:translate = (-0.018181823194026947, 0.02500000223517418, -0.02500000037252903)
            uniform token[] xformOpOrder = ["xformOp:translate"]
        }

        def Sphere "shape_0131"
        {
            color3f[] primvars:displayColor = [(0.96, 0.92, 0.18)] (
                interpolation = "constant"
            )
            double radius = 0.003599999938160181
            double3 xformOp:translate = (-0.018181823194026947, 0.0416666679084301, -0.02500000037252903)
            uniform token[] xformOpOrder = ["xformOp:translate"]
        }

        def Sphere "shape_0132"
        {
            color3f[] primvars:displayColor = [(0.96, 0.92, 0.18)] (
                interpolation = "constant"
            )
            double radius = 0.003599999938160181
            double3 xformOp:translate = (-7.450580596923828e-9, -0.0416666679084301, -0.02500000037252903)
            uniform token[] xformOpOrder = ["xformOp:translate"]
        }

        def Sphere "shape_0133"
        {
            color3f[] primvars:displayColor = [(0.96, 0.92, 0.18)] (
                interpolation = "constant"
            )
            double radius = 0.003599999938160181
            double3 xformOp:translate = (-7.450580596923828e-9, -0.02499999850988388, -0.02500000037252903)
            uniform token[] xformOpOrder = ["xformOp:translate"]
        }

        def Sphere "shape_0134"
        {
            color3f[] primvars:displayColor = [(0.96, 0.92, 0.18)] (
                interpolation = "constant"
            )
            double radius = 0.003599999938160181
            double3 xformOp:translate = (-7.450580596923828e-9, -0.00833333283662796, -0.02500000037252903)
            uniform token[] xformOpOrder = ["xformOp:translate"]
        }

        def Sphere "shape_0135"
        {
            color3f[] primvars:displayColor = [(0.96, 0.92, 0.18)] (
                interpolation = "constant"
            )
            double radius = 0.003599999938160181
            double3 xformOp:translate = (-7.450580596923828e-9, 0.008333336561918259, -0.02500000037252903)
            uniform token[] xformOpOrder = ["xformOp:translate"]
        }

        def Sphere "shape_0136"
        {
            color3f[] primvars:displayColor = [(0.96, 0.92, 0.18)] (
                interpolation = "constant"
            )
            double radius = 0.003599999938160181
            double3 xformOp:translate = (-7.450580596923828e-9, 0.02500000223517418, -0.02500000037252903)
            uniform token[] xformOpOrder = ["xformOp:translate"]
        }

        def Sphere "shape_0137"
        {
            color3f[] primvars:displayColor = [(0.96, 0.92, 0.18)] (
                interpolation = "constant"
            )
            double radius = 0.003599999938160181
            double3 xformOp:translate = (-7.450580596923828e-9, 0.0416666679084301, -0.02500000037252903)
            uniform token[] xformOpOrder = ["xformOp:translate"]
        }

        def Sphere "shape_0138"
        {
            color3f[] primvars:displayColor = [(0.96, 0.92, 0.18)] (
                interpolation = "constant"
            )
            double radius = 0.003599999938160181
            double3 xformOp:translate = (0.01818181574344635, -0.0416666679084301, -0.02500000037252903)
            uniform token[] xformOpOrder = ["xformOp:translate"]
        }

        def Sphere "shape_0139"
        {
            color3f[] primvars:displayColor = [(0.96, 0.92, 0.18)] (
                interpolation = "constant"
            )
            double radius = 0.003599999938160181
            double3 xformOp:translate = (0.01818181574344635, -0.02499999850988388, -0.02500000037252903)
            uniform token[] xformOpOrder = ["xformOp:translate"]
        }

        def Sphere "shape_0140"
        {
            color3f[] primvars:displayColor = [(0.96, 0.92, 0.18)] (
                interpolation = "constant"
            )
            double radius = 0.003599999938160181
            double3 xformOp:translate = (0.01818181574344635, -0.00833333283662796, -0.02500000037252903)
            uniform token[] xformOpOrder = ["xformOp:translate"]
        }

        def Sphere "shape_0141"
        {
            color3f[] primvars:displayColor = [(0.96, 0.92, 0.18)] (
                interpolation = "constant"
            )
            double radius = 0.003599999938160181
            double3 xformOp:translate = (0.01818181574344635, 0.008333336561918259, -0.02500000037252903)
            uniform token[] xformOpOrder = ["xformOp:translate"]
        }

        def Sphere "shape_0142"
        {
            color3f[] primvars:displayColor = [(0.96, 0.92, 0.18)] (
                interpolation = "constant"
            )
            double radius = 0.003599999938160181
            double3 xformOp:translate = (0.01818181574344635, 0.02500000223517418, -0.02500000037252903)
            uniform token[] xformOpOrder = ["xformOp:translate"]
        }

        def Sphere "shape_0143"
        {
            color3f[] primvars:displayColor = [(0.96, 0.92, 0.18)] (
                interpolation = "constant"
            )
            double radius = 0.003599999938160181
            double3 xformOp:translate = (0.01818181574344635, 0.0416666679084301, -0.02500000037252903)
            uniform token[] xformOpOrder = ["xformOp:translate"]
        }

        def Sphere "shape_0144"
        {
            color3f[] primvars:displayColor = [(0.96, 0.92, 0.18)] (
                interpolation = "constant"
            )
            double radius = 0.003599999938160181
            double3 xformOp:translate = (0.0363636240363121, -0.0416666679084301, -0.02500000037252903)
            uniform token[] xformOpOrder = ["xformOp:translate"]
        }

        def Sphere "shape_0145"
        {
            color3f[] primvars:displayColor = [(0.96, 0.92, 0.18)] (
                interpolation = "constant"
            )
            double radius = 0.003599999938160181
            double3 xformOp:translate = (0.0363636240363121, -0.02499999850988388, -0.02500000037252903)
            uniform token[] xformOpOrder = ["xformOp:translate"]
        }

        def Sphere "shape_0146"
        {
            color3f[] primvars:displayColor = [(0.96, 0.92, 0.18)] (
                interpolation = "constant"
            )
            double radius = 0.003599999938160181
            double3 xformOp:translate = (0.0363636240363121, -0.00833333283662796, -0.02500000037252903)
            uniform token[] xformOpOrder = ["xformOp:translate"]
        }

        def Sphere "shape_0147"
        {
            color3f[] primvars:displayColor = [(0.96, 0.92, 0.18)] (
                interpolation = "constant"
            )
            double radius = 0.003599999938160181
            double3 xformOp:translate = (0.0363636240363121, 0.008333336561918259, -0.02500000037252903)
            uniform token[] xformOpOrder = ["xformOp:translate"]
        }

        def Sphere "shape_0148"
        {
            color3f[] primvars:displayColor = [(0.96, 0.92, 0.18)] (
                interpolation = "constant"
            )
            double radius = 0.003599999938160181
            double3 xformOp:translate = (0.0363636240363121, 0.02500000223517418, -0.02500000037252903)
            uniform token[] xformOpOrder = ["xformOp:translate"]
        }

        def Sphere "shape_0149"
        {
            color3f[] primvars:displayColor = [(0.96, 0.92, 0.18)] (
                interpolation = "constant"
            )
            double radius = 0.003599999938160181
            double3 xformOp:translate = (0.0363636240363121, 0.0416666679084301, -0.02500000037252903)
            uniform token[] xformOpOrder = ["xformOp:translate"]
        }

        def Sphere "shape_0150"
        {
            color3f[] primvars:displayColor = [(0.96, 0.92, 0.18)] (
                interpolation = "constant"
            )
            double radius = 0.003599999938160181
            double3 xformOp:translate = (0.05454545468091965, -0.0416666679084301, -0.02500000037252903)
            uniform token[] xformOpOrder = ["xformOp:translate"]
        }

        def Sphere "shape_0151"
        {
            color3f[] primvars:displayColor = [(0.96, 0.92, 0.18)] (
                interpolation = "constant"
            )
            double radius = 0.003599999938160181
            double3 xformOp:translate = (0.05454545468091965, -0.02499999850988388, -0.02500000037252903)
            uniform token[] xformOpOrder = ["xformOp:translate"]
        }

        def Sphere "shape_0152"
        {
            color3f[] primvars:displayColor = [(0.96, 0.92, 0.18)] (
                interpolation = "constant"
            )
            double radius = 0.003599999938160181
            double3 xformOp:translate = (0.05454545468091965, -0.00833333283662796, -0.02500000037252903)
            uniform token[] xformOpOrder = ["xformOp:translate"]
        }

        def Sphere "shape_0153"
        {
            color3f[] primvars:displayColor = [(0.96, 0.92, 0.18)] (
                interpolation = "constant"
            )
            double radius = 0.003599999938160181
            double3 xformOp:translate = (0.05454545468091965, 0.008333336561918259, -0.02500000037252903)
            uniform token[] xformOpOrder = ["xformOp:translate"]
        }

        def Sphere "shape_0154"
        {
            color3f[] primvars:displayColor = [(0.96, 0.92, 0.18)] (
                interpolation = "constant"
            )
            double radius = 0.003599999938160181
            double3 xformOp:translate = (0.05454545468091965, 0.02500000223517418, -0.02500000037252903)
            uniform token[] xformOpOrder = ["xformOp:translate"]
        }

        def Sphere "shape_0155"
        {
            color3f[] primvars:displayColor = [(0.96, 0.92, 0.18)] (
                interpolation = "constant"
            )
            double radius = 0.003599999938160181
            double3 xformOp:translate = (0.05454545468091965, 0.0416666679084301, -0.02500000037252903)
            uniform token[] xformOpOrder = ["xformOp:translate"]
        }

        def Sphere "shape_0156"
        {
            color3f[] primvars:displayColor = [(0.96, 0.92, 0.18)] (
                interpolation = "constant"
            )
            double radius = 0.003599999938160181
            double3 xformOp:translate = (0.072727270424366, -0.0416666679084301, -0.02500000037252903)
            uniform token[] xformOpOrder = ["xformOp:translate"]
        }

        def Sphere "shape_0157"
        {
            color3f[] primvars:displayColor = [(0.96, 0.92, 0.18)] (
                interpolation = "constant"
            )
            double radius = 0.003599999938160181
            double3 xformOp:translate = (0.072727270424366, -0.02499999850988388, -0.02500000037252903)
            uniform token[] xformOpOrder = ["xformOp:translate"]
        }

        def Sphere "shape_0158"
        {
            color3f[] primvars:displayColor = [(0.96, 0.92, 0.18)] (
                interpolation = "constant"
            )
            double radius = 0.003599999938160181
            double3 xformOp:translate = (0.072727270424366, -0.00833333283662796, -0.02500000037252903)
            uniform token[] xformOpOrder = ["xformOp:translate"]
        }

        def Sphere "shape_0159"
        {
            color3f[] primvars:displayColor = [(0.96, 0.92, 0.18)] (
                interpolation = "constant"
            )
            double radius = 0.003599999938160181
            double3 xformOp:translate = (0.072727270424366, 0.008333336561918259, -0.02500000037252903)
            uniform token[] xformOpOrder = ["xformOp:translate"]
        }

        def Sphere "shape_0160"
        {
            color3f[] primvars:displayColor = [(0.96, 0.92, 0.18)] (
                interpolation = "constant"
            )
            double radius = 0.003599999938160181
            double3 xformOp:translate = (0.072727270424366, 0.02500000223517418, -0.02500000037252903)
            uniform token[] xformOpOrder = ["xformOp:translate"]
        }

        def Sphere "shape_0161"
        {
            color3f[] primvars:displayColor = [(0.96, 0.92, 0.18)] (
                interpolation = "constant"
            )
            double radius = 0.003599999938160181
            double3 xformOp:translate = (0.072727270424366, 0.0416666679084301, -0.02500000037252903)
            uniform token[] xformOpOrder = ["xformOp:translate"]
        }

        def Sphere "shape_0162"
        {
            color3f[] primvars:displayColor = [(0.96, 0.92, 0.18)] (
                interpolation = "constant"
            )
            double radius = 0.003599999938160181
            double3 xformOp:translate = (0.09090908616781235, -0.0416666679084301, -0.02500000037252903)
            uniform token[] xformOpOrder = ["xformOp:translate"]
        }

        def Sphere "shape_0163"
        {
            color3f[] primvars:displayColor = [(0.96, 0.92, 0.18)] (
                interpolation = "constant"
            )
            double radius = 0.003599999938160181
            double3 xformOp:translate = (0.09090908616781235, -0.02499999850988388, -0.02500000037252903)
            uniform token[] xformOpOrder = ["xformOp:translate"]
        }

        def Sphere "shape_0164"
        {
            color3f[] primvars:displayColor = [(0.96, 0.92, 0.18)] (
                interpolation = "constant"
            )
            double radius = 0.003599999938160181
            double3 xformOp:translate = (0.09090908616781235, -0.00833333283662796, -0.02500000037252903)
            uniform token[] xformOpOrder = ["xformOp:translate"]
        }

        def Sphere "shape_0165"
        {
            color3f[] primvars:displayColor = [(0.96, 0.92, 0.18)] (
                interpolation = "constant"
            )
            double radius = 0.003599999938160181
            double3 xformOp:translate = (0.09090908616781235, 0.008333336561918259, -0.02500000037252903)
            uniform token[] xformOpOrder = ["xformOp:translate"]
        }

        def Sphere "shape_0166"
        {
            color3f[] primvars:displayColor = [(0.96, 0.92, 0.18)] (
                interpolation = "constant"
            )
            double radius = 0.003599999938160181
            double3 xformOp:translate = (0.09090908616781235, 0.02500000223517418, -0.02500000037252903)
            uniform token[] xformOpOrder = ["xformOp:translate"]
        }

        def Sphere "shape_0167"
        {
            color3f[] primvars:displayColor = [(0.96, 0.92, 0.18)] (
                interpolation = "constant"
            )
            double radius = 0.003599999938160181
            double3 xformOp:translate = (0.09090908616781235, 0.0416666679084301, -0.02500000037252903)
            uniform token[] xformOpOrder = ["xformOp:translate"]
        }

        def Sphere "shape_0168"
        {
            color3f[] primvars:displayColor = [(0.96, 0.92, 0.18)] (
                interpolation = "constant"
            )
            double radius = 0.003599999938160181
            double3 xformOp:translate = (-0.09090909361839294, -0.0416666679084301, 0.02500000037252903)
            uniform token[] xformOpOrder = ["xformOp:translate"]
        }

        def Sphere "shape_0169"
        {
            color3f[] primvars:displayColor = [(0.96, 0.92, 0.18)] (
                interpolation = "constant"
            )
            double radius = 0.003599999938160181
            double3 xformOp:translate = (-0.09090909361839294, -0.02499999850988388, 0.02500000037252903)
            uniform token[] xformOpOrder = ["xformOp:translate"]
        }

        def Sphere "shape_0170"
        {
            color3f[] primvars:displayColor = [(0.96, 0.92, 0.18)] (
                interpolation = "constant"
            )
            double radius = 0.003599999938160181
            double3 xformOp:translate = (-0.09090909361839294, -0.00833333283662796, 0.02500000037252903)
            uniform token[] xformOpOrder = ["xformOp:translate"]
        }

        def Sphere "shape_0171"
        {
            color3f[] primvars:displayColor = [(0.96, 0.92, 0.18)] (
                interpolation = "constant"
            )
            double radius = 0.003599999938160181
            double3 xformOp:translate = (-0.09090909361839294, 0.008333336561918259, 0.02500000037252903)
            uniform token[] xformOpOrder = ["xformOp:translate"]
        }

        def Sphere "shape_0172"
        {
            color3f[] primvars:displayColor = [(0.96, 0.92, 0.18)] (
                interpolation = "constant"
            )
            double radius = 0.003599999938160181
            double3 xformOp:translate = (-0.09090909361839294, 0.02500000223517418, 0.02500000037252903)
            uniform token[] xformOpOrder = ["xformOp:translate"]
        }

        def Sphere "shape_0173"
        {
            color3f[] primvars:displayColor = [(0.96, 0.92, 0.18)] (
                interpolation = "constant"
            )
            double radius = 0.003599999938160181
            double3 xformOp:translate = (-0.09090909361839294, 0.0416666679084301, 0.02500000037252903)
            uniform token[] xformOpOrder = ["xformOp:translate"]
        }

        def Sphere "shape_0174"
        {
            color3f[] primvars:displayColor = [(0.96, 0.92, 0.18)] (
                interpolation = "constant"
            )
            double radius = 0.003599999938160181
            double3 xformOp:translate = (-0.0727272778749466, -0.0416666679084301, 0.02500000037252903)
            uniform token[] xformOpOrder = ["xformOp:translate"]
        }

        def Sphere "shape_0175"
        {
            color3f[] primvars:displayColor = [(0.96, 0.92, 0.18)] (
                interpolation = "constant"
            )
            double radius = 0.003599999938160181
            double3 xformOp:translate = (-0.0727272778749466, -0.02499999850988388, 0.02500000037252903)
            uniform token[] xformOpOrder = ["xformOp:translate"]
        }

        def Sphere "shape_0176"
        {
            color3f[] primvars:displayColor = [(0.96, 0.92, 0.18)] (
                interpolation = "constant"
            )
            double radius = 0.003599999938160181
            double3 xformOp:translate = (-0.0727272778749466, -0.00833333283662796, 0.02500000037252903)
            uniform token[] xformOpOrder = ["xformOp:translate"]
        }

        def Sphere "shape_0177"
        {
            color3f[] primvars:displayColor = [(0.96, 0.92, 0.18)] (
                interpolation = "constant"
            )
            double radius = 0.003599999938160181
            double3 xformOp:translate = (-0.0727272778749466, 0.008333336561918259, 0.02500000037252903)
            uniform token[] xformOpOrder = ["xformOp:translate"]
        }

        def Sphere "shape_0178"
        {
            color3f[] primvars:displayColor = [(0.96, 0.92, 0.18)] (
                interpolation = "constant"
            )
            double radius = 0.003599999938160181
            double3 xformOp:translate = (-0.0727272778749466, 0.02500000223517418, 0.02500000037252903)
            uniform token[] xformOpOrder = ["xformOp:translate"]
        }

        def Sphere "shape_0179"
        {
            color3f[] primvars:displayColor = [(0.96, 0.92, 0.18)] (
                interpolation = "constant"
            )
            double radius = 0.003599999938160181
            double3 xformOp:translate = (-0.0727272778749466, 0.0416666679084301, 0.02500000037252903)
            uniform token[] xformOpOrder = ["xformOp:translate"]
        }

        def Sphere "shape_0180"
        {
            color3f[] primvars:displayColor = [(0.96, 0.92, 0.18)] (
                interpolation = "constant"
            )
            double radius = 0.003599999938160181
            double3 xformOp:translate = (-0.054545458406209946, -0.0416666679084301, 0.02500000037252903)
            uniform token[] xformOpOrder = ["xformOp:translate"]
        }

        def Sphere "shape_0181"
        {
            color3f[] primvars:displayColor = [(0.96, 0.92, 0.18)] (
                interpolation = "constant"
            )
            double radius = 0.003599999938160181
            double3 xformOp:translate = (-0.054545458406209946, -0.02499999850988388, 0.02500000037252903)
            uniform token[] xformOpOrder = ["xformOp:translate"]
        }

        def Sphere "shape_0182"
        {
            color3f[] primvars:displayColor = [(0.96, 0.92, 0.18)] (
                interpolation = "constant"
            )
            double radius = 0.003599999938160181
            double3 xformOp:translate = (-0.054545458406209946, -0.00833333283662796, 0.02500000037252903)
            uniform token[] xformOpOrder = ["xformOp:translate"]
        }

        def Sphere "shape_0183"
        {
            color3f[] primvars:displayColor = [(0.96, 0.92, 0.18)] (
                interpolation = "constant"
            )
            double radius = 0.003599999938160181
            double3 xformOp:translate = (-0.054545458406209946, 0.008333336561918259, 0.02500000037252903)
            uniform token[] xformOpOrder = ["xformOp:translate"]
        }

        def Sphere "shape_0184"
        {
            color3f[] primvars:displayColor = [(0.96, 0.92, 0.18)] (
                interpolation = "constant"
            )
            double radius = 0.003599999938160181
            double3 xformOp:translate = (-0.054545458406209946, 0.02500000223517418, 0.02500000037252903)
            uniform token[] xformOpOrder = ["xformOp:translate"]
        }

        def Sphere "shape_0185"
        {
            color3f[] primvars:displayColor = [(0.96, 0.92, 0.18)] (
                interpolation = "constant"
            )
            double radius = 0.003599999938160181
            double3 xformOp:translate = (-0.054545458406209946, 0.0416666679084301, 0.02500000037252903)
            uniform token[] xformOpOrder = ["xformOp:translate"]
        }

        def Sphere "shape_0186"
        {
            color3f[] primvars:displayColor = [(0.96, 0.92, 0.18)] (
                interpolation = "constant"
            )
            double radius = 0.003599999938160181
            double3 xformOp:translate = (-0.0363636389374733, -0.0416666679084301, 0.02500000037252903)
            uniform token[] xformOpOrder = ["xformOp:translate"]
        }

        def Sphere "shape_0187"
        {
            color3f[] primvars:displayColor = [(0.96, 0.92, 0.18)] (
                interpolation = "constant"
            )
            double radius = 0.003599999938160181
            double3 xformOp:translate = (-0.0363636389374733, -0.02499999850988388, 0.02500000037252903)
            uniform token[] xformOpOrder = ["xformOp:translate"]
        }

        def Sphere "shape_0188"
        {
            color3f[] primvars:displayColor = [(0.96, 0.92, 0.18)] (
                interpolation = "constant"
            )
            double radius = 0.003599999938160181
            double3 xformOp:translate = (-0.0363636389374733, -0.00833333283662796, 0.02500000037252903)
            uniform token[] xformOpOrder = ["xformOp:translate"]
        }

        def Sphere "shape_0189"
        {
            color3f[] primvars:displayColor = [(0.96, 0.92, 0.18)] (
                interpolation = "constant"
            )
            double radius = 0.003599999938160181
            double3 xformOp:translate = (-0.0363636389374733, 0.008333336561918259, 0.02500000037252903)
            uniform token[] xformOpOrder = ["xformOp:translate"]
        }

        def Sphere "shape_0190"
        {
            color3f[] primvars:displayColor = [(0.96, 0.92, 0.18)] (
                interpolation = "constant"
            )
            double radius = 0.003599999938160181
            double3 xformOp:translate = (-0.0363636389374733, 0.02500000223517418, 0.02500000037252903)
            uniform token[] xformOpOrder = ["xformOp:translate"]
        }

        def Sphere "shape_0191"
        {
            color3f[] primvars:displayColor = [(0.96, 0.92, 0.18)] (
                interpolation = "constant"
            )
            double radius = 0.003599999938160181
            double3 xformOp:translate = (-0.0363636389374733, 0.0416666679084301, 0.02500000037252903)
            uniform token[] xformOpOrder = ["xformOp:translate"]
        }

        def Sphere "shape_0192"
        {
            color3f[] primvars:displayColor = [(0.96, 0.92, 0.18)] (
                interpolation = "constant"
            )
            double radius = 0.003599999938160181
            double3 xformOp:translate = (-0.018181823194026947, -0.0416666679084301, 0.02500000037252903)
            uniform token[] xformOpOrder = ["xformOp:translate"]
        }

        def Sphere "shape_0193"
        {
            color3f[] primvars:displayColor = [(0.96, 0.92, 0.18)] (
                interpolation = "constant"
            )
            double radius = 0.003599999938160181
            double3 xformOp:translate = (-0.018181823194026947, -0.02499999850988388, 0.02500000037252903)
            uniform token[] xformOpOrder = ["xformOp:translate"]
        }

        def Sphere "shape_0194"
        {
            color3f[] primvars:displayColor = [(0.96, 0.92, 0.18)] (
                interpolation = "constant"
            )
            double radius = 0.003599999938160181
            double3 xformOp:translate = (-0.018181823194026947, -0.00833333283662796, 0.02500000037252903)
            uniform token[] xformOpOrder = ["xformOp:translate"]
        }

        def Sphere "shape_0195"
        {
            color3f[] primvars:displayColor = [(0.96, 0.92, 0.18)] (
                interpolation = "constant"
            )
            double radius = 0.003599999938160181
            double3 xformOp:translate = (-0.018181823194026947, 0.008333336561918259, 0.02500000037252903)
            uniform token[] xformOpOrder = ["xformOp:translate"]
        }

        def Sphere "shape_0196"
        {
            color3f[] primvars:displayColor = [(0.96, 0.92, 0.18)] (
                interpolation = "constant"
            )
            double radius = 0.003599999938160181
            double3 xformOp:translate = (-0.018181823194026947, 0.02500000223517418, 0.02500000037252903)
            uniform token[] xformOpOrder = ["xformOp:translate"]
        }

        def Sphere "shape_0197"
        {
            color3f[] primvars:displayColor = [(0.96, 0.92, 0.18)] (
                interpolation = "constant"
            )
            double radius = 0.003599999938160181
            double3 xformOp:translate = (-0.018181823194026947, 0.0416666679084301, 0.02500000037252903)
            uniform token[] xformOpOrder = ["xformOp:translate"]
        }

        def Sphere "shape_0198"
        {
            color3f[] primvars:displayColor = [(0.96, 0.92, 0.18)] (
                interpolation = "constant"
            )
            double radius = 0.003599999938160181
            double3 xformOp:translate = (-7.450580596923828e-9, -0.0416666679084301, 0.02500000037252903)
            uniform token[] xformOpOrder = ["xformOp:translate"]
        }

        def Sphere "shape_0199"
        {
            color3f[] primvars:displayColor = [(0.96, 0.92, 0.18)] (
                interpolation = "constant"
            )
            double radius = 0.003599999938160181
            double3 xformOp:translate = (-7.450580596923828e-9, -0.02499999850988388, 0.02500000037252903)
            uniform token[] xformOpOrder = ["xformOp:translate"]
        }

        def Sphere "shape_0200"
        {
            color3f[] primvars:displayColor = [(0.96, 0.92, 0.18)] (
                interpolation = "constant"
            )
            double radius = 0.003599999938160181
            double3 xformOp:translate = (-7.450580596923828e-9, -0.00833333283662796, 0.02500000037252903)
            uniform token[] xformOpOrder = ["xformOp:translate"]
        }

        def Sphere "shape_0201"
        {
            color3f[] primvars:displayColor = [(0.96, 0.92, 0.18)] (
                interpolation = "constant"
            )
            double radius = 0.003599999938160181
            double3 xformOp:translate = (-7.450580596923828e-9, 0.008333336561918259, 0.02500000037252903)
            uniform token[] xformOpOrder = ["xformOp:translate"]
        }

        def Sphere "shape_0202"
        {
            color3f[] primvars:displayColor = [(0.96, 0.92, 0.18)] (
                interpolation = "constant"
            )
            double radius = 0.003599999938160181
            double3 xformOp:translate = (-7.450580596923828e-9, 0.02500000223517418, 0.02500000037252903)
            uniform token[] xformOpOrder = ["xformOp:translate"]
        }

        def Sphere "shape_0203"
        {
            color3f[] primvars:displayColor = [(0.96, 0.92, 0.18)] (
                interpolation = "constant"
            )
            double radius = 0.003599999938160181
            double3 xformOp:translate = (-7.450580596923828e-9, 0.0416666679084301, 0.02500000037252903)
            uniform token[] xformOpOrder = ["xformOp:translate"]
        }

        def Sphere "shape_0204"
        {
            color3f[] primvars:displayColor = [(0.96, 0.92, 0.18)] (
                interpolation = "constant"
            )
            double radius = 0.003599999938160181
            double3 xformOp:translate = (0.01818181574344635, -0.0416666679084301, 0.02500000037252903)
            uniform token[] xformOpOrder = ["xformOp:translate"]
        }

        def Sphere "shape_0205"
        {
            color3f[] primvars:displayColor = [(0.96, 0.92, 0.18)] (
                interpolation = "constant"
            )
            double radius = 0.003599999938160181
            double3 xformOp:translate = (0.01818181574344635, -0.02499999850988388, 0.02500000037252903)
            uniform token[] xformOpOrder = ["xformOp:translate"]
        }

        def Sphere "shape_0206"
        {
            color3f[] primvars:displayColor = [(0.96, 0.92, 0.18)] (
                interpolation = "constant"
            )
            double radius = 0.003599999938160181
            double3 xformOp:translate = (0.01818181574344635, -0.00833333283662796, 0.02500000037252903)
            uniform token[] xformOpOrder = ["xformOp:translate"]
        }

        def Sphere "shape_0207"
        {
            color3f[] primvars:displayColor = [(0.96, 0.92, 0.18)] (
                interpolation = "constant"
            )
            double radius = 0.003599999938160181
            double3 xformOp:translate = (0.01818181574344635, 0.008333336561918259, 0.02500000037252903)
            uniform token[] xformOpOrder = ["xformOp:translate"]
        }

        def Sphere "shape_0208"
        {
            color3f[] primvars:displayColor = [(0.96, 0.92, 0.18)] (
                interpolation = "constant"
            )
            double radius = 0.003599999938160181
            double3 xformOp:translate = (0.01818181574344635, 0.02500000223517418, 0.02500000037252903)
            uniform token[] xformOpOrder = ["xformOp:translate"]
        }

        def Sphere "shape_0209"
        {
            color3f[] primvars:displayColor = [(0.96, 0.92, 0.18)] (
                interpolation = "constant"
            )
            double radius = 0.003599999938160181
            double3 xformOp:translate = (0.01818181574344635, 0.0416666679084301, 0.02500000037252903)
            uniform token[] xformOpOrder = ["xformOp:translate"]
        }

        def Sphere "shape_0210"
        {
            color3f[] primvars:displayColor = [(0.96, 0.92, 0.18)] (
                interpolation = "constant"
            )
            double radius = 0.003599999938160181
            double3 xformOp:translate = (0.0363636240363121, -0.0416666679084301, 0.02500000037252903)
            uniform token[] xformOpOrder = ["xformOp:translate"]
        }

        def Sphere "shape_0211"
        {
            color3f[] primvars:displayColor = [(0.96, 0.92, 0.18)] (
                interpolation = "constant"
            )
            double radius = 0.003599999938160181
            double3 xformOp:translate = (0.0363636240363121, -0.02499999850988388, 0.02500000037252903)
            uniform token[] xformOpOrder = ["xformOp:translate"]
        }

        def Sphere "shape_0212"
        {
            color3f[] primvars:displayColor = [(0.96, 0.92, 0.18)] (
                interpolation = "constant"
            )
            double radius = 0.003599999938160181
            double3 xformOp:translate = (0.0363636240363121, -0.00833333283662796, 0.02500000037252903)
            uniform token[] xformOpOrder = ["xformOp:translate"]
        }

        def Sphere "shape_0213"
        {
            color3f[] primvars:displayColor = [(0.96, 0.92, 0.18)] (
                interpolation = "constant"
            )
            double radius = 0.003599999938160181
            double3 xformOp:translate = (0.0363636240363121, 0.008333336561918259, 0.02500000037252903)
            uniform token[] xformOpOrder = ["xformOp:translate"]
        }

        def Sphere "shape_0214"
        {
            color3f[] primvars:displayColor = [(0.96, 0.92, 0.18)] (
                interpolation = "constant"
            )
            double radius = 0.003599999938160181
            double3 xformOp:translate = (0.0363636240363121, 0.02500000223517418, 0.02500000037252903)
            uniform token[] xformOpOrder = ["xformOp:translate"]
        }

        def Sphere "shape_0215"
        {
            color3f[] primvars:displayColor = [(0.96, 0.92, 0.18)] (
                interpolation = "constant"
            )
            double radius = 0.003599999938160181
            double3 xformOp:translate = (0.0363636240363121, 0.0416666679084301, 0.02500000037252903)
            uniform token[] xformOpOrder = ["xformOp:translate"]
        }

        def Sphere "shape_0216"
        {
            color3f[] primvars:displayColor = [(0.96, 0.92, 0.18)] (
                interpolation = "constant"
            )
            double radius = 0.003599999938160181
            double3 xformOp:translate = (0.05454545468091965, -0.0416666679084301, 0.02500000037252903)
            uniform token[] xformOpOrder = ["xformOp:translate"]
        }

        def Sphere "shape_0217"
        {
            color3f[] primvars:displayColor = [(0.96, 0.92, 0.18)] (
                interpolation = "constant"
            )
            double radius = 0.003599999938160181
            double3 xformOp:translate = (0.05454545468091965, -0.02499999850988388, 0.02500000037252903)
            uniform token[] xformOpOrder = ["xformOp:translate"]
        }

        def Sphere "shape_0218"
        {
            color3f[] primvars:displayColor = [(0.96, 0.92, 0.18)] (
                interpolation = "constant"
            )
            double radius = 0.003599999938160181
            double3 xformOp:translate = (0.05454545468091965, -0.00833333283662796, 0.02500000037252903)
            uniform token[] xformOpOrder = ["xformOp:translate"]
        }

        def Sphere "shape_0219"
        {
            color3f[] primvars:displayColor = [(0.96, 0.92, 0.18)] (
                interpolation = "constant"
            )
            double radius = 0.003599999938160181
            double3 xformOp:translate = (0.05454545468091965, 0.008333336561918259, 0.02500000037252903)
            uniform token[] xformOpOrder = ["xformOp:translate"]
        }

        def Sphere "shape_0220"
        {
            color3f[] primvars:displayColor = [(0.96, 0.92, 0.18)] (
                interpolation = "constant"
            )
            double radius = 0.003599999938160181
            double3 xformOp:translate = (0.05454545468091965, 0.02500000223517418, 0.02500000037252903)
            uniform token[] xformOpOrder = ["xformOp:translate"]
        }

        def Sphere "shape_0221"
        {
            color3f[] primvars:displayColor = [(0.96, 0.92, 0.18)] (
                interpolation = "constant"
            )
            double radius = 0.003599999938160181
            double3 xformOp:translate = (0.05454545468091965, 0.0416666679084301, 0.02500000037252903)
            uniform token[] xformOpOrder = ["xformOp:translate"]
        }

        def Sphere "shape_0222"
        {
            color3f[] primvars:displayColor = [(0.96, 0.92, 0.18)] (
                interpolation = "constant"
            )
            double radius = 0.003599999938160181
            double3 xformOp:translate = (0.072727270424366, -0.0416666679084301, 0.02500000037252903)
            uniform token[] xformOpOrder = ["xformOp:translate"]
        }

        def Sphere "shape_0223"
        {
            color3f[] primvars:displayColor = [(0.96, 0.92, 0.18)] (
                interpolation = "constant"
            )
            double radius = 0.003599999938160181
            double3 xformOp:translate = (0.072727270424366, -0.02499999850988388, 0.02500000037252903)
            uniform token[] xformOpOrder = ["xformOp:translate"]
        }

        def Sphere "shape_0224"
        {
            color3f[] primvars:displayColor = [(0.96, 0.92, 0.18)] (
                interpolation = "constant"
            )
            double radius = 0.003599999938160181
            double3 xformOp:translate = (0.072727270424366, -0.00833333283662796, 0.02500000037252903)
            uniform token[] xformOpOrder = ["xformOp:translate"]
        }

        def Sphere "shape_0225"
        {
            color3f[] primvars:displayColor = [(0.96, 0.92, 0.18)] (
                interpolation = "constant"
            )
            double radius = 0.003599999938160181
            double3 xformOp:translate = (0.072727270424366, 0.008333336561918259, 0.02500000037252903)
            uniform token[] xformOpOrder = ["xformOp:translate"]
        }

        def Sphere "shape_0226"
        {
            color3f[] primvars:displayColor = [(0.96, 0.92, 0.18)] (
                interpolation = "constant"
            )
            double radius = 0.003599999938160181
            double3 xformOp:translate = (0.072727270424366, 0.02500000223517418, 0.02500000037252903)
            uniform token[] xformOpOrder = ["xformOp:translate"]
        }

        def Sphere "shape_0227"
        {
            color3f[] primvars:displayColor = [(0.96, 0.92, 0.18)] (
                interpolation = "constant"
            )
            double radius = 0.003599999938160181
            double3 xformOp:translate = (0.072727270424366, 0.0416666679084301, 0.02500000037252903)
            uniform token[] xformOpOrder = ["xformOp:translate"]
        }

        def Sphere "shape_0228"
        {
            color3f[] primvars:displayColor = [(0.96, 0.92, 0.18)] (
                interpolation = "constant"
            )
            double radius = 0.003599999938160181
            double3 xformOp:translate = (0.09090908616781235, -0.0416666679084301, 0.02500000037252903)
            uniform token[] xformOpOrder = ["xformOp:translate"]
        }

        def Sphere "shape_0229"
        {
            color3f[] primvars:displayColor = [(0.96, 0.92, 0.18)] (
                interpolation = "constant"
            )
            double radius = 0.003599999938160181
            double3 xformOp:translate = (0.09090908616781235, -0.02499999850988388, 0.02500000037252903)
            uniform token[] xformOpOrder = ["xformOp:translate"]
        }

        def Sphere "shape_0230"
        {
            color3f[] primvars:displayColor = [(0.96, 0.92, 0.18)] (
                interpolation = "constant"
            )
            double radius = 0.003599999938160181
            double3 xformOp:translate = (0.09090908616781235, -0.00833333283662796, 0.02500000037252903)
            uniform token[] xformOpOrder = ["xformOp:translate"]
        }

        def Sphere "shape_0231"
        {
            color3f[] primvars:displayColor = [(0.96, 0.92, 0.18)] (
                interpolation = "constant"
            )
            double radius = 0.003599999938160181
            double3 xformOp:translate = (0.09090908616781235, 0.008333336561918259, 0.02500000037252903)
            uniform token[] xformOpOrder = ["xformOp:translate"]
        }

        def Sphere "shape_0232"
        {
            color3f[] primvars:displayColor = [(0.96, 0.92, 0.18)] (
                interpolation = "constant"
            )
            double radius = 0.003599999938160181
            double3 xformOp:translate = (0.09090908616781235, 0.02500000223517418, 0.02500000037252903)
            uniform token[] xformOpOrder = ["xformOp:translate"]
        }

        def Sphere "shape_0233"
        {
            color3f[] primvars:displayColor = [(0.96, 0.92, 0.18)] (
                interpolation = "constant"
            )
            double radius = 0.003599999938160181
            double3 xformOp:translate = (0.09090908616781235, 0.0416666679084301, 0.02500000037252903)
            uniform token[] xformOpOrder = ["xformOp:translate"]
        }
    }
}

